,Processor_Name,Clock_Speed,SSD_Capacity,RAM,Graphic_Processor,Graphic_Memory,Touchscreen,Screen_Size,Screen_Resolution,price
0,Core i5,4.4,512 GB,16,DEDICATED,4,No,40.64,2304000,72990.0
1,Core i3,4.4,512 GB,8,INTEGRATED,0,No,35.56,2073600,39990.0
2,Core i3,4.1,512 GB,8,INTEGRATED,0,No,39.62,2073600,37850.0
3,Ryzen 3 Hexa Core,3.8,512 GB,8,INTEGRATED,0,No,39.62,2073600,29990.0
4,Core i5,4.2,512 GB,8,INTEGRATED,0,No,39.62,2073600,42990.0
5,Core i3,4.1,512 GB,8,INTEGRATED,0,No,39.62,2073600,36990.0
6,Core i3,4.1,256 GB,8,INTEGRATED,0,No,35.56,3110400,32364.0
7,M1,,256 GB,8,INTEGRATED,0,No,33.78,4096000,77990.0
8,Core i3,4.1,512 GB,8,INTEGRATED,0,No,35.56,2073600,38490.0
9,Ryzen 5 Hexa Core,,512 GB,16,INTEGRATED,0,Yes,35.56,2304000,63990.0
10,Core i3,4.1,512 GB,8,INTEGRATED,0,No,39.62,2073600,38990.0
11,Core i3,4.4,512 GB,8,INTEGRATED,0,No,39.62,2073600,41990.0
12,Core i3,4.4,512 GB,8,INTEGRATED,0,No,39.62,2073600,39990.0
13,Core i3,4.1,256 GB,8,INTEGRATED,0,No,35.56,2073600,38000.0
14,Celeron Dual Core,2.4,,4,INTEGRATED,0,Yes,35.56,1049088,15990.0
15,Athlon Dual Core,,,8,INTEGRATED,0,No,35.56,1049088,28500.0
16,Core i3,4.1,512 GB,8,INTEGRATED,0,No,39.62,2073600,39999.0
17,Core i5,4.1,512 GB,8,DEDICATED,4,No,39.62,2073600,58990.0
18,Core i5,4.5,512 GB,8,DEDICATED,4,No,39.62,2073600,49990.0
19,Core i3,4.1,512 GB,8,INTEGRATED,0,No,35.56,2073600,33990.0
20,Ryzen 7 Octa Core,4.2,512 GB,8,DEDICATED,4,No,43.94,2073600,67990.0
21,Core i5,4.5,512 GB,8,INTEGRATED,0,No,39.62,2073600,52490.0
22,Core i5,4.4,512 GB,16,INTEGRATED,0,No,35.56,2073600,65990.0
24,Core i3,4.4,512 GB,8,INTEGRATED,0,No,39.62,2073600,44990.0
25,Ryzen 5 Hexa Core,4.0,512 GB,8,INTEGRATED,0,No,39.62,2073600,43990.0
26,Ryzen 5 Hexa Core,4.2,256 GB,8,DEDICATED,4,No,39.62,2073600,51990.0
28,Ryzen 5 Hexa Core,4.3,512 GB,16,INTEGRATED,0,No,35.56,2073600,56490.0
29,Core i3,,256 GB,8,INTEGRATED,0,No,38.1,2073600,33990.0
30,Core i5,4.4,512 GB,16,DEDICATED,4,No,40.64,2304000,72990.0
31,Celeron Quad Core,2.8,256 GB,8,INTEGRATED,0,No,39.62,2073600,23490.0
32,M1,,256 GB,8,INTEGRATED,0,No,33.78,4096000,77990.0
33,Core i7,4.6,512 GB,16,DEDICATED,4,No,39.62,2073600,79990.0
34,Celeron Dual Core,2.8,256 GB,4,INTEGRATED,0,No,35.56,1049088,25990.0
35,Ryzen 7 Octa Core,4.2,512 GB,16,DEDICATED,4,No,39.62,2073600,73990.0
36,Ryzen 5 Hexa Core,4.0,512 GB,8,INTEGRATED,0,No,39.62,2073600,43975.0
38,Ryzen 7 Octa Core,4.4,512 GB,8,DEDICATED,4,No,39.62,2073600,55990.0
39,Core i5,4.5,512 GB,16,INTEGRATED,0,No,35.56,5184000,68990.0
40,Ryzen 3 Quad Core,4.1,512 GB,8,INTEGRATED,0,No,39.62,2073600,34990.0
41,Core i5,4.5,512 GB,8,INTEGRATED,0,No,39.62,2073600,39490.0
42,Ryzen 5 Hexa Core,4.3,512 GB,8,INTEGRATED,0,No,35.56,2073600,53990.0
43,Core i3,4.1,512 GB,8,INTEGRATED,0,No,39.62,2073600,40990.0
44,Core i3,4.1,512 GB,8,INTEGRATED,0,No,38.0,2073600,38799.0
45,Ryzen 7 Octa Core,4.2,512 GB,16,DEDICATED,4,No,39.62,2073600,59990.0
46,Core i3,4.4,512 GB,8,INTEGRATED,0,No,39.62,2073600,37990.0
49,Ryzen 5 Hexa Core,4.0,512 GB,16,INTEGRATED,0,No,39.62,2073600,48990.0
50,Ryzen 3 Quad Core,3.8,512 GB,8,INTEGRATED,0,No,35.56,2073600,38990.0
51,Ryzen 5 Hexa Core,4.0,512 GB,8,INTEGRATED,0,No,35.56,2073600,45490.0
52,Core i3,,512 GB,8,INTEGRATED,0,No,39.62,1049088,36990.0
53,Core i5,4.2,512 GB,16,INTEGRATED,0,No,39.62,2073600,58890.0
54,Core i5,4.5,512 GB,8,INTEGRATED,0,No,35.56,2304000,56990.0
57,Core i3,3.4,512 GB,8,INTEGRATED,0,No,39.62,2073600,29990.0
58,Core i5,4.4,512 GB,8,DEDICATED,4,No,39.62,2073600,62890.0
59,Core i5,4.4,512 GB,16,DEDICATED,4,No,39.62,2073600,72990.0
60,Ryzen 7 Octa Core,4.2,1 TB,16,DEDICATED,4,No,39.62,2073600,84990.0
61,Core i5,4.2,512 GB,16,INTEGRATED,0,No,39.62,2073600,51990.0
63,Core i7,4.7,1 TB,16,INTEGRATED,0,No,35.56,2073600,83990.0
64,Ryzen 7 Octa Core,4.4,512 GB,8,DEDICATED,8,No,39.62,2073600,72990.0
66,Core i3,4.1,512 GB,8,INTEGRATED,0,No,39.62,2073600,40990.0
67,Core i3,4.5,512 GB,8,INTEGRATED,0,No,40.64,2304000,47990.0
69,Celeron Quad Core,2.8,256 GB,8,INTEGRATED,0,No,39.62,2073600,23490.0
70,Core i3,4.1,512 GB,16,INTEGRATED,0,No,39.62,2073600,38990.0
71,Core i9,5.4,1 TB,32,DEDICATED,12,No,40.64,4096000,249990.0
72,Snapdragon 7c Gen 2,2.5,,4,INTEGRATED,0,No,35.56,2073600,27990.0
73,Ryzen 7 Octa Core,4.4,512 GB,16,DEDICATED,4,No,39.62,2073600,80990.0
74,Core i7,4.7,512 GB,16,DEDICATED,6,No,40.64,2304000,104135.0
75,Core i7,5.0,1 TB,16,DEDICATED,8,No,40.64,4096000,149990.0
76,Ryzen 5 Hexa Core,4.3,512 GB,16,INTEGRATED,0,No,39.62,2073600,58990.0
77,Ryzen 7 Octa Core,4.4,512 GB,16,DEDICATED,6,No,39.62,3686400,99990.0
78,Core i5,4.4,512 GB,16,INTEGRATED,0,No,35.56,2073600,48990.0
79,Core i5,4.7,512 GB,16,DEDICATED,6,No,40.64,6400000,124990.0
80,Ryzen 3 Quad Core,4.1,512 GB,8,INTEGRATED,0,No,39.62,2073600,39990.0
81,Ryzen 7 Octa Core,4.4,512 GB,16,DEDICATED,4,Yes,39.62,2073600,74990.0
82,Core i5,4.4,512 GB,16,INTEGRATED,0,Yes,35.56,2073600,66990.0
83,Core i3,4.4,512 GB,8,INTEGRATED,0,No,39.62,2073600,39990.0
84,Ryzen 7 Octa Core,4.4,512 GB,16,DEDICATED,4,No,39.62,2073600,115990.0
85,Ryzen 7 Octa Core,4.4,512 GB,16,DEDICATED,4,No,39.62,2073600,72990.0
86,Core i5,4.5,512 GB,8,DEDICATED,4,No,40.89,2073600,58490.0
87,M2 Max,,1 TB,32,INTEGRATED,0,No,40.64,7720704,322490.0
88,Core i3,4.1,256 GB,8,INTEGRATED,0,No,39.62,2073600,41990.0
89,Ryzen 3 Quad Core,4.1,512 GB,8,INTEGRATED,0,No,39.62,2073600,39990.0
90,Core i5,4.4,512 GB,16,INTEGRATED,0,No,39.62,2073600,54990.0
91,Ryzen 7 Octa Core,4.1,512 GB,8,INTEGRATED,0,No,35.56,2073600,57000.0
92,Core i5,,512 GB,8,INTEGRATED,0,No,39.62,2073600,54990.0
93,Core i7,4.7,512 GB,16,DEDICATED,4,No,39.62,2073600,89990.0
95,Core i5,4.5,512 GB,16,INTEGRATED,0,No,35.56,3110400,51990.0
96,Ryzen 5 Hexa Core,4.3,512 GB,16,INTEGRATED,0,No,35.56,2073600,58050.0
98,Core i3,4.1,256 GB,8,INTEGRATED,0,No,39.62,2073600,30990.0
99,Core i5,4.4,512 GB,16,DEDICATED,4,No,39.62,2073600,75990.0
100,Ryzen 5 Quad Core,4.3,512 GB,8,INTEGRATED,0,No,39.62,2073600,37990.0
102,Core i5,4.6,512 GB,8,INTEGRATED,0,No,39.62,2073600,71990.0
103,Ryzen 7 Octa Core,4.7,1 TB,16,DEDICATED,6,No,39.62,2073600,132990.0
104,Core i5,4.5,512 GB,16,DEDICATED,4,No,39.62,2073600,64990.0
106,Core i5,4.6,1 TB,16,INTEGRATED,0,Yes,35.56,2073600,82100.0
107,Core i5,4.5,512 GB,8,DEDICATED,4,No,39.62,2073600,49990.0
108,Ryzen 9 Octa Core,4.6,1 TB,16,DEDICATED,10,No,39.62,2073600,109990.0
109,Core i7,4.7,1 TB,16,INTEGRATED,0,No,35.56,5184000,89990.0
110,Ryzen 5 Hexa Core,4.0,512 GB,8,INTEGRATED,0,No,39.62,2073600,46000.0
111,Core i3,,256 GB,8,INTEGRATED,0,No,39.62,2073600,45490.0
112,Ryzen 5 Hexa Core,4.5,512 GB,16,INTEGRATED,0,No,35.56,2073600,46990.0
114,Core i5,4.4,512 GB,16,INTEGRATED,0,Yes,35.56,5184000,87990.0
115,Core i5,4.4,512 GB,8,DEDICATED,4,No,39.62,2073600,54990.0
117,Core i7,5.0,512 GB,16,INTEGRATED,0,No,39.62,2073600,71990.0
118,Core i5,4.5,512 GB,8,INTEGRATED,0,No,35.56,3110400,42999.0
119,Core i7,4.9,1 TB,16,DEDICATED,6,No,39.62,2073600,144990.0
120,Core i3,4.1,512 GB,8,INTEGRATED,0,No,35.56,2073600,42390.0
121,Ryzen 5 Hexa Core,4.2,512 GB,16,DEDICATED,4,No,39.62,2073600,65990.0
123,Core i5,4.5,512 GB,16,INTEGRATED,0,No,35.56,2304000,61990.0
125,Ryzen 5 Hexa Core,4.5,512 GB,16,INTEGRATED,0,No,40.64,2304000,53990.0
126,Core i5,4.5,512 GB,8,INTEGRATED,0,No,35.56,3110400,42999.0
127,Core i3,4.1,256 GB,8,INTEGRATED,0,No,39.62,2073600,34500.0
128,Core i5,4.4,512 GB,16,INTEGRATED,0,No,35.56,2073600,72999.0
130,Core i5,4.5,512 GB,16,DEDICATED,4,No,39.62,2073600,53990.0
131,Core i5,4.7,1 TB,16,DEDICATED,6,Yes,36.83,5184000,199990.0
132,M1,,256 GB,8,INTEGRATED,0,No,33.78,4096000,81990.0
133,Celeron Quad Core,2.8,512 GB,8,INTEGRATED,0,No,39.62,2073600,25990.0
135,M2,,512 GB,8,INTEGRATED,0,No,33.78,4096000,137990.0
136,Core i3,3.7,512 GB,8,INTEGRATED,0,Yes,35.56,2073600,53990.0
138,Ryzen 5 Hexa Core,4.0,512 GB,16,INTEGRATED,0,No,39.62,2073600,47990.0
139,Core i5,4.5,512 GB,16,INTEGRATED,0,No,39.62,2073600,56990.0
140,Core i9,5.6,2 TB,64,DEDICATED,16,No,43.94,4096000,489990.0
142,Core i5,4.4,512 GB,8,INTEGRATED,0,No,35.56,2073600,51990.0
145,Core i5,4.4,512 GB,16,INTEGRATED,0,No,39.62,2073600,56990.0
146,Core i5,4.4,512 GB,8,INTEGRATED,0,No,35.56,2073600,45990.0
147,Ryzen 9 16 Core,5.4,2 TB,32,DEDICATED,16,No,40.64,4096000,429990.0
148,Ryzen 5 Hexa Core,4.5,512 GB,8,INTEGRATED,0,No,35.56,2073600,42990.0
150,Core i7,4.7,1 TB,16,DEDICATED,8,No,39.62,3686400,244990.0
152,Core i5,4.6,512 GB,16,INTEGRATED,0,No,35.56,2073600,59990.0
153,Core i9,5.0,1 TB,16,DEDICATED,6,No,39.62,3686400,144990.0
154,Core i5,4.6,1 TB,16,INTEGRATED,0,Yes,35.56,2073600,78990.0
155,Core i5,4.5,512 GB,8,DEDICATED,4,No,39.62,2073600,52990.0
156,Ryzen 9 Octa Core,4.9,2 TB,32,DEDICATED,16,No,40.64,2304000,361990.0
157,Core i5,4.5,512 GB,8,DEDICATED,4,No,43.94,2073600,64990.0
159,Ryzen 7 Octa Core,4.4,512 GB,16,DEDICATED,4,No,39.62,2073600,64990.0
160,Celeron Dual Core,2.4,,4,INTEGRATED,0,Yes,39.62,2073600,16990.0
161,Ryzen 7 Octa Core,4.4,1 TB,16,DEDICATED,8,No,39.62,2073600,146990.0
163,Ryzen 5 Quad Core,4.3,512 GB,16,INTEGRATED,0,No,39.62,2073600,52490.0
164,Core i7,5.0,1 TB,16,INTEGRATED,0,No,33.78,5184000,129990.0
166,Core i7,5.0,1 TB,16,DEDICATED,0,No,40.64,4096000,175990.0
167,Core i3,3.4,256 GB,8,INTEGRATED,0,No,39.62,2073600,27990.0
169,Core i3,4.5,512 GB,8,INTEGRATED,0,No,35.56,2073600,45990.0
170,Ryzen 7 Octa Core,4.7,2 TB,32,DEDICATED,6,No,40.64,2304000,204990.0
171,Ryzen 7 Octa Core,4.3,512 GB,16,INTEGRATED,0,No,39.62,2073600,54990.0
173,Core i5,4.4,256 GB,8,DEDICATED,4,No,39.62,2073600,65990.0
174,Core i5,4.7,512 GB,16,INTEGRATED,0,No,40.64,2304000,68990.0
175,Ryzen 7 Octa Core,4.3,512 GB,16,INTEGRATED,0,No,39.62,2073600,54990.0
176,Core i5,4.4,512 GB,16,INTEGRATED,0,Yes,35.56,2073600,71990.0
178,Core i9,5.0,1 TB,32,DEDICATED,8,No,43.94,3686400,334990.0
179,Core i3,4.4,512 GB,8,INTEGRATED,0,No,39.62,2073600,44870.0
180,Ryzen 5 Hexa Core,4.2,512 GB,16,DEDICATED,4,No,39.62,2073600,62990.0
182,Core i5,4.4,512 GB,16,INTEGRATED,0,Yes,35.56,2073600,77400.0
183,Core i5,4.6,512 GB,16,INTEGRATED,0,No,33.78,5184000,99990.0
185,Core i5,4.4,512 GB,8,INTEGRATED,0,No,35.56,2073600,68990.0
186,Core i7,5.0,512 GB,16,INTEGRATED,0,No,39.62,2073600,86990.0
187,Core i3,3.8,256 GB,8,INTEGRATED,0,No,39.62,2073600,32990.0
188,Ryzen 5 Hexa Core,4.5,512 GB,16,INTEGRATED,0,No,33.78,2304000,67990.0
189,Core i5,4.6,512 GB,8,INTEGRATED,0,No,35.56,2073600,59990.0
191,Core i5,4.4,512 GB,16,DEDICATED,4,No,39.62,2073600,57990.0
193,Ryzen 7 Octa Core,4.5,512 GB,16,INTEGRATED,0,No,35.56,5184000,94990.0
194,Core i3,3.4,256 GB,8,INTEGRATED,0,No,39.62,2073600,27490.0
195,Ryzen 5 Hexa Core,4.3,512 GB,8,INTEGRATED,0,No,39.62,2073600,58990.0
196,Core i9,5.0,1 TB,32,DEDICATED,16,No,43.94,2073600,323990.0
198,Core i3,4.5,512 GB,8,INTEGRATED,0,No,39.62,2073600,47490.0
199,Celeron Dual Core,2.8,256 GB,8,INTEGRATED,0,No,35.56,1049088,31990.0
201,Ryzen 7 Octa Core,4.3,512 GB,16,INTEGRATED,0,No,35.56,2073600,59990.0
202,Core i9,5.6,1 TB,32,DEDICATED,12,No,40.64,4096000,279990.0
203,Core i7,4.7,1 TB,16,DEDICATED,4,No,39.62,2073600,101990.0
204,Ryzen 9 Octa Core,4.9,1 TB,16,DEDICATED,8,No,39.62,3686400,174990.0
206,Core i3,4.1,256 GB,8,INTEGRATED,0,No,39.62,2073600,39490.0
208,Core i5,4.5,512 GB,16,DEDICATED,4,No,39.62,2073600,76990.0
210,Athlon Dual Core,3.2,256 GB,4,INTEGRATED,0,No,35.56,1049088,19990.0
211,M2 Pro,,512 GB,16,INTEGRATED,0,No,40.64,7720704,229990.0
212,Core i5,4.6,512 GB,8,INTEGRATED,0,No,39.62,2073600,64890.0
215,Ryzen 3 Quad Core,3.8,512 GB,8,INTEGRATED,0,No,39.62,2073600,45300.0
216,Athlon Dual Core,3.2,256 GB,4,INTEGRATED,0,No,39.62,1049088,22390.0
217,Core i5,4.5,512 GB,16,DEDICATED,4,No,39.62,2073600,79990.0
218,Core i3,4.4,512 GB,8,INTEGRATED,0,Yes,35.56,2073600,49990.0
219,Core i7,4.7,1 TB,16,DEDICATED,6,No,40.64,4096000,159990.0
221,Core i5,4.5,512 GB,16,INTEGRATED,0,No,35.56,3110400,51999.0
222,M2,,256 GB,8,INTEGRATED,0,No,33.78,4096000,119990.0
223,Ryzen 9 16 Core,5.4,2 TB,32,DEDICATED,12,No,40.64,4096000,379990.0
224,Ryzen 3 Dual Core,3.5,512 GB,8,INTEGRATED,0,No,39.62,2073600,36990.0
225,Ryzen 5 Hexa Core,4.0,512 GB,16,INTEGRATED,0,Yes,35.56,2304000,61990.0
227,Core i5,4.6,512 GB,16,INTEGRATED,0,No,35.56,2073600,63990.0
228,Core i3,4.4,512 GB,8,INTEGRATED,0,No,39.62,2073600,50990.0
230,Core i7,5.0,1 TB,16,DEDICATED,8,No,39.62,2073600,169990.0
231,Core i5,4.4,256 GB,16,DEDICATED,6,No,39.62,2073600,79990.0
232,Ryzen 5 Quad Core,4.3,512 GB,8,INTEGRATED,0,No,39.62,2073600,48490.0
234,Ryzen 5 Hexa Core,4.3,512 GB,16,INTEGRATED,0,No,40.64,2073600,73990.0
235,Core i7,5.0,1 TB,32,DEDICATED,8,No,40.64,4096000,199990.0
238,Core i5,4.6,512 GB,16,INTEGRATED,0,No,35.56,2073600,63990.0
239,Ryzen 5 Hexa Core,4.2,512 GB,16,DEDICATED,4,No,39.62,2073600,65990.0
240,Ryzen 9 Octa Core,4.9,1 TB,16,DEDICATED,8,No,39.62,3686400,211990.0
242,Core i3,4.5,512 GB,8,INTEGRATED,0,No,35.56,2073600,45990.0
243,Core i3,4.1,512 GB,8,INTEGRATED,0,No,39.62,2073600,43890.0
244,Core i7,4.6,512 GB,16,DEDICATED,4,No,38.0,2073600,99990.0
246,Core i5,4.4,512 GB,8,INTEGRATED,0,Yes,35.56,2304000,71990.0
247,Core i7,2.6,1 TB,16,DEDICATED,8,No,39.62,8294400,250000.0
249,Ryzen 9 Octa Core,4.9,1 TB,16,DEDICATED,8,No,43.94,3686400,210990.0
250,Core i5,4.4,512 GB,8,INTEGRATED,0,No,39.62,2073600,68990.0
251,Ryzen 5 Hexa Core,4.2,512 GB,16,DEDICATED,4,No,39.62,2073600,64990.0
252,Core i5,4.2,512 GB,8,INTEGRATED,0,No,39.62,2073600,52100.0
253,Core i3,4.1,512 GB,8,INTEGRATED,0,No,39.62,2073600,38390.0
254,Core i5,4.4,512 GB,16,INTEGRATED,0,No,39.62,2073600,64990.0
256,Core i9,5.0,512 GB,16,INTEGRATED,0,No,39.62,2073600,79990.0
257,Core i5,4.6,1 TB,8,INTEGRATED,0,No,39.62,2073600,67990.0
258,Ryzen 5 Quad Core,4.3,512 GB,8,INTEGRATED,0,No,39.62,2073600,46990.0
261,Ryzen 7 Octa Core,4.4,1 TB,32,DEDICATED,8,No,40.64,4096000,181990.0
262,MediaTek Kompanio 500,,,4,INTEGRATED,0,Yes,29.46,1049088,22400.0
264,Core i9,5.5,2 TB,32,DEDICATED,12,No,43.18,4096000,359990.0
265,Ryzen 3 Quad Core,4.1,512 GB,8,INTEGRATED,0,No,39.62,2073600,46990.0
266,Core i7,5.0,1 TB,32,DEDICATED,0,No,40.64,4096000,185990.0
268,M1,,256 GB,16,INTEGRATED,0,No,33.78,4096000,99999.0
269,Core i5,4.4,512 GB,16,INTEGRATED,0,Yes,39.62,2073600,79990.0
270,Celeron Quad Core,2.8,256 GB,8,INTEGRATED,0,No,39.62,2073600,23490.0
271,Core i3,4.1,512 GB,8,INTEGRATED,0,No,35.56,2073600,39990.0
272,Core i3,4.1,512 GB,8,INTEGRATED,0,No,39.62,2073600,37990.0
274,Ryzen 3 Quad Core,3.8,512 GB,8,INTEGRATED,0,No,39.62,2073600,38990.0
276,Ryzen 5 Hexa Core,4.5,1 TB,16,INTEGRATED,0,No,40.64,2304000,60990.0
277,Core i9,5.0,1 TB,32,DEDICATED,16,No,39.62,3686400,281990.0
278,Core i7,4.7,1 TB,16,DEDICATED,4,No,40.64,4249600,94990.0
279,Ryzen 7 Octa Core,4.7,1 TB,16,INTEGRATED,0,No,33.78,2304000,77990.0
282,M1 Pro,,1 TB,16,INTEGRATED,0,No,41.15,7720704,243990.0
283,Core i7,4.8,1 TB,32,DEDICATED,8,No,43.94,3686400,197990.0
285,Ryzen 5 Hexa Core,4.2,512 GB,8,DEDICATED,4,No,40.89,2073600,70990.0
286,Core i5,4.5,512 GB,16,INTEGRATED,0,Yes,35.56,5184000,99990.0
288,Ryzen 5 Hexa Core,4.2,512 GB,8,INTEGRATED,0,Yes,35.56,2304000,56990.0
289,Core i3,3.7,512 GB,8,INTEGRATED,0,Yes,35.56,2073600,53990.0
290,Core i5,4.5,512 GB,8,DEDICATED,4,No,39.62,2073600,62990.0
291,M2,,256 GB,8,INTEGRATED,0,No,34.54,4259840,107990.0
292,Core i5,4.6,512 GB,16,INTEGRATED,0,No,39.62,2073600,65990.0
294,Core i7,5.0,512 GB,16,INTEGRATED,0,Yes,35.56,5184000,119990.0
295,Ryzen 3 Quad Core,4.1,512 GB,8,INTEGRATED,0,No,39.62,2073600,46990.0
297,Ryzen 9 Octa Core,4.9,1 TB,16,DEDICATED,6,Yes,40.64,4096000,191990.0
298,Ryzen 3 Dual Core,3.5,256 GB,8,INTEGRATED,0,No,38.0,2073600,36790.0
299,Core i3,4.5,512 GB,8,INTEGRATED,0,No,39.62,2073600,47490.0
301,Ryzen 3 Quad Core,4.1,512 GB,8,INTEGRATED,0,No,39.62,2073600,35990.0
302,Ryzen 9 Octa Core,5.4,1 TB,16,DEDICATED,12,No,43.94,3686400,269990.0
303,Ryzen 5 Hexa Core,4.2,512 GB,8,DEDICATED,4,No,39.62,2073600,54490.0
304,Ryzen 5 Hexa Core,4.2,512 GB,8,DEDICATED,4,No,39.62,2073600,65990.0
306,Core i7,4.6,512 GB,8,DEDICATED,4,No,39.62,2073600,67990.0
308,Core i5,4.2,512 GB,16,INTEGRATED,0,No,39.62,2073600,48990.0
309,Ryzen 7 Octa Core,4.7,1 TB,16,DEDICATED,6,Yes,40.64,4096000,156990.0
310,Core i9,5.0,1 TB,16,DEDICATED,6,No,39.62,2073600,135990.0
311,Core i3,3.4,512 GB,8,INTEGRATED,0,No,39.62,2073600,40690.0
313,Ryzen 9 Octa Core,4.9,1 TB,16,DEDICATED,8,No,39.62,3686400,211990.0
314,Ryzen 5 Hexa Core,4.2,512 GB,16,DEDICATED,4,No,39.62,2073600,76990.0
315,Core i7,4.7,1 TB,16,INTEGRATED,0,No,39.62,2073600,85990.0
317,Ryzen 5 Hexa Core,2.1,512 GB,16,DEDICATED,2,No,35.56,2073600,64700.0
322,Core i7,4.6,1 TB,16,DEDICATED,6,No,39.62,2073600,113990.0
323,Ryzen 7 Octa Core,4.7,1 TB,16,DEDICATED,6,No,39.62,2073600,124990.0
324,Core i7,4.7,512 GB,16,DEDICATED,4,Yes,34.04,2304000,124990.0
325,M2,,512 GB,8,INTEGRATED,0,No,34.54,4259840,137990.0
326,Core i5,4.5,512 GB,16,INTEGRATED,0,No,35.56,5184000,69490.0
329,Ryzen 7 Octa Core,4.7,1 TB,16,INTEGRATED,0,Yes,34.04,2304000,94990.0
330,Core i5,4.2,512 GB,8,INTEGRATED,0,No,39.62,2073600,47490.0
332,Core i3,,512 GB,8,INTEGRATED,0,No,39.62,1049088,37550.0
333,Core i7,4.7,1 TB,16,DEDICATED,6,No,39.62,3686400,129490.0
334,Core i5,4.4,512 GB,8,INTEGRATED,0,Yes,35.56,2073600,77990.0
335,Core i7,5.0,1 TB,16,INTEGRATED,0,No,35.56,4096000,142990.0
337,Ryzen 5 Hexa Core,4.0,256 GB,8,INTEGRATED,0,No,39.62,2073600,53990.0
338,Ryzen 7 Octa Core,4.3,512 GB,16,INTEGRATED,0,Yes,35.56,2073600,82890.0
339,Core i5,4.6,512 GB,8,INTEGRATED,0,No,35.56,2073600,59990.0
341,Core i5,2.4,512 GB,16,INTEGRATED,0,Yes,34.04,2304000,82990.0
342,Ryzen 5 Hexa Core,4.2,512 GB,8,DEDICATED,4,No,39.62,2073600,63990.0
344,Ryzen 7 Octa Core,4.3,512 GB,16,INTEGRATED,0,No,39.62,2073600,66998.0
345,Celeron Dual Core,,256 GB,8,INTEGRATED,0,No,39.62,2073600,23490.0
346,Core i5,4.5,512 GB,16,INTEGRATED,0,Yes,36.83,5184000,109990.0
347,Core i9,5.0,1 TB,32,DEDICATED,8,No,40.64,4096000,241990.0
348,Core i7,4.4,1 TB,16,INTEGRATED,0,Yes,39.62,2073600,106990.0
349,Core i7,5.1,1 TB,32,DEDICATED,8,No,39.62,2073600,234990.0
351,Ryzen 7 Octa Core,4.7,512 GB,16,DEDICATED,4,No,40.89,2073600,105999.0
352,Core i7,4.7,1 TB,16,DEDICATED,8,No,39.62,8294400,193990.0
353,Ryzen 7 Octa Core,4.7,1 TB,32,DEDICATED,8,No,40.64,4096000,191990.0
356,Core i9,5.0,1 TB,16,DEDICATED,4,Yes,34.04,9216000,171990.0
357,Core i3,4.1,512 GB,8,INTEGRATED,0,No,39.62,2073600,35990.0
358,Core i3,4.1,512 GB,8,INTEGRATED,0,No,39.62,2073600,45990.0
359,Core i3,3.4,512 GB,8,INTEGRATED,0,No,39.62,2073600,35990.0
361,Core i9,5.0,1 TB,32,INTEGRATED,0,Yes,35.56,5184000,159990.0
362,Ryzen 7 Octa Core,4.7,1 TB,16,DEDICATED,8,No,39.62,2073600,146990.0
364,Core i5,4.2,512 GB,8,INTEGRATED,0,No,39.62,2073600,50499.0
365,Ryzen 5 Hexa Core,4.5,512 GB,16,INTEGRATED,0,No,33.78,2304000,67990.0
366,Ryzen 7 Octa Core,4.4,512 GB,16,DEDICATED,4,No,39.62,2073600,75990.0
367,Ryzen 7 Octa Core,4.4,512 GB,16,DEDICATED,4,No,39.62,2073600,78065.0
370,Core i9,2.5,1 TB,16,DEDICATED,6,No,40.64,9216000,199990.0
372,Core i5,4.2,512 GB,8,INTEGRATED,0,No,39.62,2073600,55890.0
373,Core i9,5.0,2 TB,32,DEDICATED,16,No,43.94,3686400,296000.0
375,Core i3,4.1,256 GB,8,INTEGRATED,0,Yes,35.56,2073600,44990.0
377,Core i5,4.5,512 GB,16,DEDICATED,4,No,40.89,2073600,62990.0
378,Ryzen 9 Octa Core,4.6,1 TB,16,DEDICATED,12,No,39.62,3686400,154990.0
379,Core i5,3.6,512 GB,8,DEDICATED,2,No,39.62,2073600,51990.0
391,Core i7,4.7,512 GB,16,INTEGRATED,0,Yes,35.56,5184000,109990.0
393,Ryzen 7 Octa Core,4.7,1 TB,32,DEDICATED,8,No,40.64,4096000,191990.0
394,Ryzen 5 Quad Core,4.3,512 GB,8,INTEGRATED,0,No,39.62,2073600,46990.0
395,Core i5,4.2,512 GB,8,INTEGRATED,2,No,39.62,2073600,62490.0
396,Ryzen 5 Dual Core,3.5,512 GB,8,INTEGRATED,0,No,39.62,2073600,47490.0
397,Ryzen 7 Octa Core,4.7,1 TB,16,DEDICATED,8,No,35.56,2304000,131990.0
399,Ryzen 5 Quad Core,4.3,512 GB,16,INTEGRATED,0,No,39.62,2073600,56999.0
400,Ryzen 7 Octa Core,4.4,512 GB,16,DEDICATED,6,No,39.62,2073600,97990.0
402,Core i7,5.0,1 TB,32,DEDICATED,8,No,40.64,4096000,219990.0
403,Core i5,4.7,512 GB,16,DEDICATED,4,No,35.56,5184000,82990.0
404,Core i9,5.0,1 TB,32,DEDICATED,8,No,39.62,2073600,304990.0
405,Core i9,5.0,1 TB,16,DEDICATED,4,Yes,34.04,9216000,304980.0
408,Ryzen 7 Octa Core,4.7,1 TB,32,DEDICATED,4,Yes,34.04,2304000,140990.0
409,Ryzen 7 Octa Core,4.3,512 GB,16,INTEGRATED,0,Yes,35.56,2073600,82990.0
410,Ryzen 9 Octa Core,4.6,1 TB,8,DEDICATED,4,No,35.56,5184000,101990.0
412,Ryzen 7 Octa Core,4.3,512 GB,16,INTEGRATED,0,Yes,33.78,2304000,82990.0
413,Ryzen 5 Hexa Core,4.0,512 GB,8,INTEGRATED,0,No,35.56,2073600,55990.0
414,Ryzen 7 Octa Core,4.4,512 GB,16,DEDICATED,4,No,39.62,2073600,85990.0
416,Core i5,4.5,512 GB,16,INTEGRATED,0,Yes,35.56,2073600,72990.0
417,Ryzen 7 Octa Core,4.5,512 GB,16,INTEGRATED,0,Yes,35.56,2073600,88990.0
418,Core i5,4.4,256 GB,16,DEDICATED,4,No,39.62,2073600,67990.0
420,Core i3,4.1,256 GB,8,INTEGRATED,0,No,38.0,2073600,42690.0
421,Core i7,4.7,512 GB,16,DEDICATED,4,No,35.56,2073600,167990.0
422,Ryzen 9 Octa Core,4.3,1 TB,16,DEDICATED,6,No,39.62,2073600,129990.0
424,Core i5,4.2,512 GB,16,INTEGRATED,0,Yes,33.78,2073600,87990.0
425,Core i7,5.0,512 GB,16,INTEGRATED,0,No,35.56,5184000,112990.0
426,Celeron Dual Core,2.8,256 GB,4,INTEGRATED,0,No,29.46,1049088,21990.0
429,Core i7,5.0,1 TB,16,INTEGRATED,0,No,33.78,5184000,149990.0
430,M1 Pro,,1 TB,16,INTEGRATED,0,No,41.15,7720704,243990.0
431,Core i5,4.5,512 GB,16,DEDICATED,6,No,39.62,2073600,79990.0
433,Ryzen 5 Hexa Core,4.0,512 GB,8,DEDICATED,4,No,43.94,2073600,64450.0
434,Ryzen 7 Octa Core,4.7,512 GB,16,DEDICATED,8,No,40.89,2073600,99990.0
435,M2 Pro,,512 GB,16,INTEGRATED,0,No,40.64,7720704,229990.0
436,Core i7,4.9,512 GB,16,DEDICATED,2,No,35.56,2073600,72500.0
438,Core i7,4.7,512 GB,16,DEDICATED,2,Yes,40.64,8294400,157375.0
439,M2,,512 GB,8,INTEGRATED,0,No,34.54,4259840,137990.0
441,Ryzen 3 Dual Core,,512 GB,8,INTEGRATED,0,No,39.62,2073600,35398.0
442,Ryzen 5 Hexa Core,4.3,512 GB,8,INTEGRATED,0,No,35.56,2073600,55990.0
443,Core i5,4.4,256 GB,8,DEDICATED,2,No,39.62,2073600,69490.0
444,Core i7,4.4,512 GB,16,DEDICATED,2,Yes,35.56,2073600,102890.0
446,Core i5,3.5,128 GB,8,DEDICATED,4,No,39.62,2073600,99990.0
447,Ryzen 5 Quad Core,4.3,512 GB,8,INTEGRATED,0,No,39.62,2073600,46990.0
448,Core i7,2.6,1 TB,16,DEDICATED,6,No,39.62,2073600,202490.0
449,M1 Pro,,1 TB,16,INTEGRATED,0,No,36.07,5939136,225090.0
451,Core i5,5.0,512 GB,8,INTEGRATED,0,No,39.62,2073600,61690.0
453,M2,,512 GB,8,INTEGRATED,0,No,33.78,4096000,133990.0
454,Celeron Dual Core,2.8,256 GB,8,INTEGRATED,0,No,29.46,1049088,23490.0
455,Core i7,3.8,256 GB,8,DEDICATED,6,No,39.62,2073600,137990.0
457,Core i9,,1 TB,32,DEDICATED,6,No,40.64,9216000,199990.0
458,Ryzen 7 Octa Core,4.7,512 GB,16,DEDICATED,4,No,39.62,2073600,105990.0
459,Ryzen 5 Hexa Core,4.2,512 GB,8,DEDICATED,4,No,38.0,2073600,66990.0
461,Core i5,4.4,512 GB,16,DEDICATED,4,No,39.62,2073600,73990.0
462,Core i5,4.4,512 GB,8,DEDICATED,2,Yes,35.56,2073600,83890.0
464,Core i7,4.7,1 TB,16,DEDICATED,4,Yes,36.83,5898240,159990.0
465,Core i3,3.4,512 GB,8,INTEGRATED,0,No,39.62,2073600,29990.0
466,Core i7,5.0,512 GB,16,INTEGRATED,0,No,39.62,2073600,91141.0
467,Core i7,4.7,512 GB,16,DEDICATED,4,No,39.62,2073600,99698.0
468,Core i5,4.2,512 GB,8,DEDICATED,2,No,39.62,2073600,62490.0
470,Core i5,5.0,512 GB,8,INTEGRATED,0,No,39.62,2073600,60690.0
471,Ryzen 7 Octa Core,4.5,512 GB,8,INTEGRATED,0,No,38.0,2073600,59900.0
472,Core i5,3.6,512 GB,8,INTEGRATED,0,No,39.62,2073600,46990.0
473,Core i5,4.2,256 GB,8,INTEGRATED,0,No,39.62,2073600,60130.0
474,Ryzen 5 Hexa Core,4.5,512 GB,8,DEDICATED,4,No,40.89,2073600,78680.0
480,Core i7,4.6,512 GB,16,DEDICATED,4,No,39.62,2073600,103490.0
482,Celeron Dual Core,2.8,,4,INTEGRATED,0,No,29.46,1049088,18690.0
483,Core i5,4.2,512 GB,8,INTEGRATED,0,Yes,35.56,2073600,79990.0
485,Ryzen 7 Octa Core,4.7,512 GB,16,DEDICATED,6,No,38.0,2073600,113990.0
486,Celeron Dual Core,2.4,,4,INTEGRATED,0,Yes,35.56,1049088,25990.0
488,Ryzen 7 Octa Core,4.5,512 GB,16,INTEGRATED,0,No,40.64,2304000,70990.0
489,Ryzen 9 Octa Core,4.9,1 TB,16,DEDICATED,6,No,39.62,3686400,161990.0
490,Ryzen 7 Octa Core,4.4,512 GB,16,INTEGRATED,0,Yes,33.78,2073600,94500.0
492,Ryzen 9 Octa Core,4.9,1 TB,16,DEDICATED,8,No,39.62,3686400,189990.0
493,M1 Max,,1 TB,32,INTEGRATED,0,No,41.15,7720704,309490.0
494,Core i9,5.3,1 TB,32,DEDICATED,6,Yes,39.62,8294400,161990.0
496,Ryzen 5 Hexa Core,4.2,512 GB,16,DEDICATED,4,No,39.62,2073600,68990.0
497,Core i5,4.5,512 GB,8,DEDICATED,4,No,39.62,2073600,65990.0
498,Core i5,4.4,512 GB,16,INTEGRATED,0,No,33.78,2073600,82990.0
499,Ryzen 7 Octa Core,4.2,512 GB,16,DEDICATED,4,No,39.62,2073600,75990.0
501,Core i7,4.7,512 GB,8,DEDICATED,2,No,35.56,2073600,75990.0
502,Core i7,5.1,1 TB,16,DEDICATED,8,No,39.62,2073600,183490.0
504,Ryzen 5 Quad Core,3.7,512 GB,8,INTEGRATED,0,No,35.56,2073600,46990.0
505,Core i5,4.4,512 GB,16,DEDICATED,4,No,39.62,2073600,70990.0
506,Core i5,4.2,512 GB,8,INTEGRATED,2,No,39.62,2073600,71857.0
508,Core i7,4.7,1 TB,32,DEDICATED,8,No,39.62,2073600,280490.0
509,Core i5,4.2,512 GB,8,INTEGRATED,0,No,35.56,2073600,61499.0
510,Core i5,4.0,512 GB,8,INTEGRATED,0,No,35.56,2073600,61700.0
511,Ryzen 3 Quad Core,4.1,512 GB,8,INTEGRATED,0,No,39.62,2073600,46990.0
512,Ryzen 9 Octa Core,,1 TB,16,DEDICATED,4,No,39.62,2073600,92990.0
514,Ryzen 7 Octa Core,4.3,512 GB,8,INTEGRATED,0,No,35.56,2073600,57990.0
516,M1 Max,,1 TB,32,INTEGRATED,0,No,41.15,7720704,309490.0
517,Core i5,4.5,512 GB,16,INTEGRATED,0,Yes,34.04,2304000,89990.0
518,Core i9,5.0,1 TB,32,DEDICATED,8,No,40.64,9216000,239990.0
519,Core i3,3.4,512 GB,4,INTEGRATED,0,No,39.62,2073600,39990.0
521,Core i5,4.6,512 GB,16,INTEGRATED,0,Yes,35.56,2304000,79990.0
523,Ryzen 7 Octa Core,4.7,1 TB,32,DEDICATED,4,Yes,34.04,9216000,157900.0
524,M1,,512 GB,8,INTEGRATED,0,No,33.78,4096000,99999.0
525,M2,,512 GB,8,INTEGRATED,0,No,34.54,4259840,137990.0
526,Pentium Quad Core,3.3,256 GB,4,INTEGRATED,0,No,35.56,1049088,19990.0
528,Ryzen 5 Hexa Core,4.0,512 GB,16,INTEGRATED,0,No,35.56,2073600,55990.0
529,Ryzen 7 Octa Core,4.5,512 GB,16,INTEGRATED,0,No,40.64,2073600,73890.0
530,Core i3,3.8,512 GB,8,INTEGRATED,0,No,35.56,2073600,35990.0
531,Ryzen 7 Octa Core,4.7,512 GB,16,DEDICATED,4,No,39.62,2073600,89990.0
532,Core i5,4.5,512 GB,16,INTEGRATED,0,No,35.56,3136000,79999.0
533,Ryzen 9 Octa Core,4.4,1 TB,32,DEDICATED,8,No,35.56,4096000,176990.0
534,Core i5,4.5,512 GB,8,INTEGRATED,0,Yes,35.56,2073600,71590.0
537,Celeron Dual Core,2.8,256 GB,4,INTEGRATED,0,No,35.56,1049088,27490.0
538,Core i5,4.4,512 GB,8,INTEGRATED,0,No,39.62,2073600,57290.0
539,Core i7,4.7,1 TB,16,DEDICATED,8,No,40.89,3686400,162990.0
540,Core i7,5.0,1 TB,16,INTEGRATED,0,No,35.56,2304000,114990.0
542,Core i3,,256 GB,8,INTEGRATED,0,No,39.62,2073600,38990.0
543,Ryzen 7 Octa Core,4.4,512 GB,16,DEDICATED,4,No,39.62,2073600,86390.0
544,Ryzen 3 Quad Core,4.1,512 GB,8,INTEGRATED,0,No,39.62,2073600,41890.0
545,Ryzen 3 Quad Core,4.1,512 GB,8,INTEGRATED,0,No,39.62,2073600,40990.0
547,Ryzen 5 Hexa Core,4.0,256 GB,8,DEDICATED,4,No,39.62,2073600,58490.0
549,Athlon Dual Core,3.2,512 GB,8,INTEGRATED,0,No,39.62,1049088,29990.0
550,Core i5,4.4,512 GB,16,INTEGRATED,0,No,38.86,2073600,67990.0
551,Core i5,4.5,512 GB,16,DEDICATED,4,No,40.89,2073600,94990.0
552,Ryzen 5 Hexa Core,4.2,512 GB,16,INTEGRATED,0,Yes,35.56,5184000,91990.0
553,Ryzen 7 Quad Core,,1 TB,16,DEDICATED,4,No,39.62,2073600,86000.0
556,Ryzen 5 Hexa Core,4.2,512 GB,8,DEDICATED,4,No,39.62,2073600,75991.0
557,Core i5,,512 GB,16,DEDICATED,4,No,39.62,1958400,92990.0
558,Ryzen 3 Dual Core,3.5,,8,INTEGRATED,0,No,39.62,2073600,38990.0
559,Core i7,,256 GB,16,DEDICATED,6,No,39.62,2073600,94990.0
561,Ryzen 5 Hexa Core,2.1,512 GB,8,INTEGRATED,0,No,39.62,2073600,50990.0
562,Ryzen 7 Octa Core,4.4,1 TB,16,DEDICATED,6,No,40.89,3686400,107990.0
563,Ryzen 5 Hexa Core,4.5,512 GB,8,INTEGRATED,0,No,35.56,2073600,59990.0
565,Ryzen 9 Octa Core,4.9,1 TB,16,DEDICATED,8,No,39.62,3686400,189990.0
566,Core i5,4.4,512 GB,8,INTEGRATED,0,No,35.56,2073600,69990.0
567,Core i3,4.1,256 GB,4,INTEGRATED,0,No,39.62,2073600,39990.0
568,Core i3,3.4,256 GB,8,INTEGRATED,0,No,34.19,2073600,27990.0
569,Core i5,4.2,512 GB,8,INTEGRATED,0,No,39.62,2073600,53990.0
570,Ryzen 3 Quad Core,4.1,512 GB,8,INTEGRATED,0,No,35.56,2073600,43490.0
572,Core i5,4.4,512 GB,16,INTEGRATED,0,No,39.62,2073600,75070.0
573,Ryzen 9 Octa Core,4.8,1 TB,16,DEDICATED,12,No,39.62,3686400,124990.0
575,Core i5,4.4,256 GB,16,DEDICATED,4,No,39.62,2073600,89990.0
577,Core i3,4.1,512 GB,8,INTEGRATED,0,No,35.56,2073600,40990.0
578,Core i5,4.4,512 GB,8,DEDICATED,4,No,39.62,2073600,71990.0
580,Core i9,5.0,4 TB,32,DEDICATED,16,No,43.94,3686400,399990.0
581,Ryzen 5 Quad Core,3.7,256 GB,8,INTEGRATED,0,No,39.62,2073600,42690.0
582,Ryzen 5 Hexa Core,4.5,512 GB,8,INTEGRATED,0,No,35.56,2073600,59990.0
583,Ryzen 5 Hexa Core,4.0,512 GB,8,INTEGRATED,0,No,39.62,2073600,42490.0
585,Core i5,4.1,512 GB,8,INTEGRATED,0,No,33.78,4096000,162490.0
586,Celeron Dual Core,2.8,,4,INTEGRATED,0,Yes,29.46,1049088,16990.0
587,Ryzen 7 Octa Core,4.7,1 TB,16,DEDICATED,4,Yes,34.04,2304000,127990.0
589,Core i5,4.4,512 GB,8,INTEGRATED,0,No,39.62,2073600,56990.0
590,Core i5,4.4,512 GB,8,INTEGRATED,0,Yes,40.64,2073600,89490.0
591,Core i3,4.1,256 GB,8,INTEGRATED,0,No,38.0,2073600,38990.0
592,Core i7,2.2,2 TB,16,DEDICATED,8,No,39.62,2073600,150490.0
593,Core i7,5.1,1 TB,32,DEDICATED,8,No,39.62,8294400,214990.0
594,Ryzen 9 Octa Core,4.9,1 TB,16,DEDICATED,4,Yes,34.04,2304000,131990.0
597,Core i5,4.4,512 GB,8,DEDICATED,4,No,39.62,2073600,68989.0
598,Core i5,4.4,512 GB,16,DEDICATED,4,No,39.62,2073600,84990.0
599,Ryzen 3 Dual Core,,512 GB,8,INTEGRATED,0,No,35.56,2073600,40790.0
601,Core i7,4.4,512 GB,16,INTEGRATED,0,No,39.62,2073600,70990.0
602,Ryzen 5 Hexa Core,4.0,1 TB,8,DEDICATED,4,No,39.62,2073600,65990.0
604,Ryzen 5 Hexa Core,4.5,512 GB,8,DEDICATED,4,No,39.62,2073600,74990.0
605,Core i9,5.0,2 TB,32,DEDICATED,16,No,43.94,3686400,359990.0
606,Core i5,4.7,512 GB,16,DEDICATED,4,No,35.56,2304000,86990.0
607,Core i7,,512 GB,16,INTEGRATED,0,No,39.62,2073600,64200.0
609,Ryzen 5 Quad Core,,256 GB,8,INTEGRATED,0,No,39.62,2073600,51990.0
610,Ryzen 7 Octa Core,4.7,512 GB,16,DEDICATED,4,No,40.89,2073600,94990.0
611,Ryzen 5 Hexa Core,4.2,512 GB,8,DEDICATED,4,No,39.62,2073600,59490.0
612,Core i7,3.8,128 GB,8,DEDICATED,4,No,39.62,2073600,109990.0
614,Core i7,5.0,512 GB,16,DEDICATED,6,No,40.64,2304000,124990.0
616,Ryzen 5 Hexa Core,4.2,512 GB,8,DEDICATED,4,No,39.62,2073600,66490.0
617,Core i7,4.9,1 TB,16,DEDICATED,6,No,43.94,2073600,129990.0
618,Core i5,3.9,512 GB,8,INTEGRATED,0,No,33.78,2073600,72150.0
619,Core i3,4.4,512 GB,8,INTEGRATED,0,No,38.0,2073600,44500.0
621,Ryzen 7 Octa Core,1.9,512 GB,16,INTEGRATED,0,Yes,35.56,2073600,98990.0
623,Core i5,4.4,512 GB,16,INTEGRATED,0,Yes,35.56,2073600,84990.0
624,Core i9,4.8,1 TB,16,DEDICATED,4,Yes,39.62,8294400,197990.0
625,Ryzen 3 Dual Core,3.5,512 GB,8,INTEGRATED,0,No,38.0,2073600,42990.0
626,Ryzen 3 Dual Core,3.5,512 GB,8,INTEGRATED,0,No,38.0,2073600,49498.0
627,Ryzen 5 Quad Core,3.7,512 GB,8,INTEGRATED,0,No,35.56,2073600,46490.0
629,Core i5,4.2,512 GB,16,INTEGRATED,0,No,35.56,2073600,69990.0
630,Ryzen 5 Quad Core,4.3,512 GB,8,INTEGRATED,0,No,39.62,2073600,52990.0
631,Core i3,4.1,256 GB,8,INTEGRATED,0,No,35.56,2073600,29990.0
633,Core i3,3.4,256 GB,8,INTEGRATED,0,No,38.0,2073600,39490.0
634,Core i7,2.6,256 GB,8,DEDICATED,4,No,39.62,2073600,87390.0
635,Core i9,5.4,1 TB,16,DEDICATED,6,No,40.64,6400000,159990.0
637,Core i5,3.6,512 GB,8,INTEGRATED,0,No,35.56,2073600,62990.0
638,Core i7,4.6,256 GB,16,DEDICATED,4,No,39.62,2073600,62990.0
639,Ryzen 7 Octa Core,4.7,512 GB,16,DEDICATED,4,No,39.62,2073600,87990.0
640,Core i5,4.4,512 GB,8,INTEGRATED,0,No,39.62,2073600,57990.0
643,Core i3,4.1,256 GB,8,INTEGRATED,0,No,39.62,2073600,35699.0
644,Core i5,4.5,512 GB,8,INTEGRATED,0,No,35.56,3110400,42999.0
645,Ryzen 7 Quad Core,,1 TB,16,DEDICATED,8,No,35.56,2073600,154990.0
646,Ryzen 7 Quad Core,,1 TB,16,DEDICATED,4,No,39.62,2073600,85500.0
647,Core i3,4.1,512 GB,8,INTEGRATED,0,No,35.56,2073600,31990.0
649,Core i3,4.1,512 GB,8,INTEGRATED,0,No,39.62,2073600,32990.0
650,Core i3,4.1,256 GB,8,INTEGRATED,0,No,35.56,2073600,56426.0
651,Core i5,4.4,512 GB,8,INTEGRATED,0,No,39.62,2073600,61255.0
653,Ryzen 5 Hexa Core,4.3,512 GB,8,INTEGRATED,0,No,39.62,2073600,54990.0
654,Core i3,4.4,512 GB,8,INTEGRATED,0,Yes,35.56,2304000,56990.0
656,Core i5,2.4,512 GB,16,INTEGRATED,0,No,34.04,2073600,110490.0
657,Core i3,,512 GB,8,INTEGRATED,0,No,39.62,2073600,42890.0
658,Celeron Quad Core,2.8,,4,INTEGRATED,0,Yes,35.56,1049088,19990.0
660,Core i3,,256 GB,8,INTEGRATED,0,No,38.1,2073600,45290.0
661,Ryzen 7 Octa Core,,512 GB,8,INTEGRATED,0,No,39.62,2073600,55990.0
662,Core i5,4.4,512 GB,8,DEDICATED,4,No,39.62,2073600,62999.0
663,Ryzen 7 Quad Core,,1 TB,16,INTEGRATED,0,No,35.56,5184000,105500.0
665,Core i9,5.4,1 TB,16,INTEGRATED,0,No,39.62,4665600,104990.0
666,Ryzen 7 Octa Core,4.3,512 GB,16,INTEGRATED,0,Yes,35.56,2073600,76860.0
668,Core i7,5.0,1 TB,32,DEDICATED,4,Yes,40.64,9216000,183990.0
669,Core i5,4.6,1 TB,16,DEDICATED,6,No,40.64,2304000,144990.0
670,Core i9,5.4,1 TB,32,DEDICATED,8,No,34.04,4096000,284990.0
671,Ryzen 9 Octa Core,5.2,1 TB,32,DEDICATED,8,No,35.56,4096000,199990.0
672,Ryzen 9 Octa Core,5.2,1 TB,16,DEDICATED,8,No,39.62,3686400,151990.0
674,Core i7,4.9,1 TB,16,DEDICATED,8,No,45.72,2304000,169990.0
675,Core i7,4.9,1 TB,16,DEDICATED,6,No,40.64,2304000,152990.0
676,Ryzen 9 12 Core,5.2,1 TB,16,DEDICATED,6,No,43.94,3686400,159990.0
678,Core i9,5.4,1 TB,16,DEDICATED,6,No,40.64,4096000,169990.0
680,Core i9,5.6,1 TB,16,DEDICATED,8,No,40.64,4096000,209990.0
681,Core i7,5.0,512 GB,16,DEDICATED,6,No,39.62,2073600,129990.0
682,Ryzen 9 Octa Core,5.2,1 TB,16,DEDICATED,8,No,40.64,2304000,139990.0
683,Core i9,5.4,1 TB,16,DEDICATED,8,No,34.04,4096000,209990.0
684,Core i9,5.4,1 TB,16,DEDICATED,8,No,40.64,4096000,179990.0
686,Core i9,5.4,1 TB,16,DEDICATED,8,No,39.62,2073600,154990.0
687,Ryzen 7 Octa Core,4.2,512 GB,8,DEDICATED,4,No,39.62,2073600,76990.0
689,Ryzen 7 Octa Core,4.7,512 GB,16,DEDICATED,6,No,39.62,2073600,105990.0
690,Core i7,4.7,512 GB,16,INTEGRATED,0,No,33.78,2073600,113104.0
691,Ryzen 9 12 Core,5.2,1 TB,16,DEDICATED,8,No,43.94,3686400,174990.0
693,Core i3,4.1,512 GB,8,INTEGRATED,0,No,39.62,2073600,45590.0
694,Pentium Quad Core,3.0,256 GB,8,INTEGRATED,0,No,35.81,1049088,31900.0
695,Core i3,,256 GB,4,INTEGRATED,0,No,39.62,2073600,48999.0
697,Athlon Dual Core,3.2,256 GB,4,INTEGRATED,0,No,35.56,1049088,17990.0
698,Core i3,4.1,256 GB,8,INTEGRATED,0,Yes,35.56,2073600,51999.0
699,Core i5,4.5,256 GB,8,DEDICATED,4,No,39.62,2073600,58750.0
701,Core i7,4.8,1 TB,16,DEDICATED,4,No,39.62,2073600,194304.0
702,Celeron Dual Core,2.8,128 GB,4,INTEGRATED,0,Yes,29.46,1049088,29290.0
704,Ryzen 5 Hexa Core,4.2,512 GB,8,DEDICATED,4,No,39.62,2073600,54990.0
705,Ryzen 5 Hexa Core,4.0,512 GB,8,INTEGRATED,0,Yes,35.56,2073600,61990.0
706,Core i5,4.5,512 GB,16,INTEGRATED,0,No,35.56,2304000,61990.0
707,Ryzen 3 Dual Core,3.5,256 GB,8,INTEGRATED,0,No,39.62,2073600,38690.0
709,Core i7,4.6,512 GB,16,DEDICATED,4,No,39.62,2073600,129990.0
710,Core i3,4.1,256 GB,8,INTEGRATED,0,No,38.0,2073600,39990.0
711,Celeron Dual Core,2.8,512 GB,8,INTEGRATED,0,No,39.62,2073600,25990.0
713,Core i5,4.2,256 GB,8,DEDICATED,2,No,39.62,2073600,54990.0
714,Core i5,4.5,512 GB,16,INTEGRATED,0,No,39.62,2073600,59990.0
715,Core i5,4.4,512 GB,16,DEDICATED,4,No,39.62,2073600,65990.0
717,Core i7,4.7,1 TB,16,INTEGRATED,0,Yes,35.56,4096000,129990.0
718,Ryzen 7 Octa Core,4.2,512 GB,16,DEDICATED,4,No,39.62,2073600,74990.0
719,Ryzen 5 Hexa Core,4.3,512 GB,16,INTEGRATED,0,No,35.56,2073600,62990.0
721,Ryzen 5 Hexa Core,4.5,512 GB,16,INTEGRATED,0,Yes,35.56,2304000,70990.0
722,Ryzen 3 Dual Core,3.5,256 GB,8,INTEGRATED,0,No,35.56,1049088,31990.0
724,Core i5,,1 TB,16,INTEGRATED,0,No,39.62,2073600,83500.0
725,Ryzen 5 Hexa Core,2.1,512 GB,8,INTEGRATED,0,No,35.56,2073600,50990.0
726,Ryzen 7 Octa Core,4.4,512 GB,16,INTEGRATED,0,No,40.64,2304000,59990.0
727,Core i7,4.7,1 TB,32,DEDICATED,4,No,39.62,2073600,180093.0
729,Core i5,3.6,512 GB,8,INTEGRATED,0,No,35.56,2073600,37990.0
730,Celeron Quad Core,2.8,128 GB,4,INTEGRATED,0,No,35.56,2073600,21990.0
731,Ryzen 7 Octa Core,4.7,1 TB,16,DEDICATED,6,No,39.62,3686400,135990.0
732,Core i3,4.1,256 GB,8,INTEGRATED,0,No,39.62,2073600,37990.0
733,Core i5,4.5,256 GB,8,DEDICATED,4,No,39.62,2073600,50990.0
735,Ryzen 5 Quad Core,3.7,128 GB,8,INTEGRATED,0,Yes,38.1,4153344,99990.0
737,Core i5,4.6,512 GB,8,INTEGRATED,0,No,39.62,2073600,65499.0
738,Core i9,5.0,2 TB,32,DEDICATED,16,No,40.64,4096000,304990.0
739,Core i7,4.7,512 GB,16,INTEGRATED,0,Yes,35.56,5184000,104990.0
741,Ryzen 5 Hexa Core,4.2,512 GB,16,INTEGRATED,0,No,35.56,5184000,65990.0
742,Core i5,3.9,256 GB,8,INTEGRATED,0,Yes,33.78,2073600,136590.0
743,Ryzen 5 Hexa Core,4.5,512 GB,16,INTEGRATED,0,No,33.78,2304000,67950.0
745,Core i7,4.6,256 GB,8,INTEGRATED,0,No,35.56,2073600,93990.0
746,Ryzen 5 Quad Core,4.3,512 GB,8,INTEGRATED,0,No,39.62,2073600,52990.0
748,Ryzen 9 Octa Core,4.6,1 TB,16,DEDICATED,6,No,35.56,3686400,109990.0
749,Ryzen 9 Octa Core,4.6,1 TB,16,DEDICATED,4,No,35.56,3686400,99990.0
750,Ryzen 9 Octa Core,4.6,1 TB,16,DEDICATED,4,No,35.56,3686400,99990.0
752,Core i3,4.1,512 GB,8,INTEGRATED,0,No,35.56,2073600,48990.0
753,Core i5,4.4,512 GB,16,INTEGRATED,0,Yes,35.56,2073600,66990.0
754,Core i7,4.7,512 GB,16,DEDICATED,2,No,40.64,2073600,94291.0
755,Celeron Dual Core,2.8,,4,INTEGRATED,0,No,39.62,1049088,19990.0
757,Core i5,4.4,1 TB,16,DEDICATED,6,No,39.62,2073600,86990.0
758,Core i7,4.7,512 GB,8,DEDICATED,6,No,39.62,2073600,88990.0
759,Core i5,4.4,512 GB,8,DEDICATED,6,No,39.62,2073600,78990.0
761,Core i5,4.4,512 GB,8,INTEGRATED,0,No,39.62,2073600,54990.0
762,Core i5,3.8,512 GB,8,DEDICATED,4,No,39.62,8294400,92990.0
763,Ryzen 7 Octa Core,4.4,1 TB,16,DEDICATED,6,No,40.64,4096000,159990.0
765,Core i7,4.7,512 GB,16,INTEGRATED,0,No,35.56,5184000,105770.0
766,Core i3,4.1,256 GB,8,INTEGRATED,0,No,39.62,1049088,37240.0
767,Core i5,4.4,512 GB,8,DEDICATED,4,No,39.62,2073600,68990.0
768,Core i7,4.1,512 GB,16,DEDICATED,6,No,39.62,2073600,174490.0
769,Ryzen 7 Octa Core,4.4,512 GB,16,DEDICATED,6,No,39.62,2073600,104990.0
771,Ryzen 7 Octa Core,4.7,512 GB,16,DEDICATED,4,No,38.0,2073600,92990.0
773,Ryzen 7 Octa Core,4.7,1 TB,32,DEDICATED,4,Yes,34.04,9216000,264990.0
774,Ryzen 9 Octa Core,4.8,1 TB,32,DEDICATED,4,Yes,34.04,9216000,199990.0
775,Core i3,4.1,256 GB,4,INTEGRATED,0,No,39.62,2073600,35990.0
777,Core i7,4.7,1 TB,32,DEDICATED,6,No,35.56,2073600,246490.0
778,Core i7,4.7,1 TB,16,DEDICATED,4,No,40.64,4096000,142491.0
779,Core i5,4.4,256 GB,8,INTEGRATED,0,No,39.62,2073600,57990.0
781,Core i5,4.4,512 GB,8,DEDICATED,4,No,39.62,2073600,62990.0
782,Core i7,4.5,512 GB,16,INTEGRATED,0,Yes,33.78,2073600,239759.0
783,Core i5,3.8,512 GB,8,INTEGRATED,0,No,35.56,3110400,42999.0
785,Core i5,,512 GB,8,INTEGRATED,0,No,40.64,2073600,78990.0
786,Celeron Dual Core,2.8,,4,INTEGRATED,0,No,29.46,1049088,19990.0
788,Core i5,4.5,512 GB,8,DEDICATED,2,Yes,35.56,2073600,70499.0
789,Core i5,4.4,512 GB,16,INTEGRATED,0,No,35.56,5184000,94990.0
790,Core i7,5.0,1 TB,16,DEDICATED,6,No,40.64,2304000,129990.0
791,Celeron Dual Core,2.8,,4,INTEGRATED,0,No,29.46,1049088,20990.0
793,Ryzen 9 Octa Core,4.8,1 TB,32,DEDICATED,4,Yes,34.04,2304000,189990.0
794,Ryzen 3 Quad Core,,512 GB,8,INTEGRATED,0,No,35.56,1049088,29490.0
795,Core i5,2.4,512 GB,16,INTEGRATED,0,Yes,33.02,2073600,173636.0
797,Ryzen 7 Octa Core,4.7,512 GB,16,DEDICATED,6,No,39.62,2073600,109490.0
798,Core i5,3.7,128 GB,8,INTEGRATED,0,Yes,33.02,3393024,94490.0
800,Ryzen 5 Hexa Core,,512 GB,16,INTEGRATED,0,No,40.64,2073600,62490.0
801,Core i9,5.4,1 TB,16,DEDICATED,6,No,39.62,4665600,160000.0
802,Ryzen 7 Octa Core,4.7,512 GB,16,DEDICATED,4,No,40.89,2073600,100889.0
803,Ryzen 5 Quad Core,,512 GB,16,INTEGRATED,0,No,39.62,2073600,59990.0
805,Core i7,3.8,128 GB,16,DEDICATED,4,No,39.62,2073600,112990.0
806,Core i3,4.5,512 GB,8,INTEGRATED,0,No,39.62,2073600,48990.0
807,Celeron Dual Core,2.8,,4,INTEGRATED,0,No,39.62,1049088,19990.0
809,Core i5,4.4,512 GB,8,DEDICATED,4,No,39.62,2073600,65990.0
810,Ryzen 5 Hexa Core,4.0,512 GB,16,INTEGRATED,0,Yes,35.56,2304000,92290.0
811,Core i3,4.4,256 GB,8,INTEGRATED,0,No,39.62,2073600,41590.0
813,Core i5,2.4,512 GB,8,INTEGRATED,0,Yes,33.78,2073600,80800.0
814,Ryzen 5 Quad Core,3.7,512 GB,8,INTEGRATED,0,No,39.62,2073600,40990.0
816,Ryzen 5 Quad Core,,512 GB,16,INTEGRATED,0,No,39.62,2073600,59990.0
817,Core i3,4.1,512 GB,8,INTEGRATED,0,No,39.62,2073600,36990.0
818,Core i7,5.0,512 GB,16,INTEGRATED,0,No,35.56,5184000,112990.0
819,Core i5,4.4,512 GB,16,DEDICATED,4,No,39.62,2073600,74990.0
820,Ryzen 5 Hexa Core,4.5,512 GB,16,DEDICATED,4,No,39.62,2073600,79990.0
823,Core i5,4.2,512 GB,8,INTEGRATED,0,Yes,35.56,2073600,79290.0
824,Core i5,4.7,512 GB,8,INTEGRATED,0,No,43.18,4096000,101299.0
825,Ryzen 7 Octa Core,4.3,512 GB,16,INTEGRATED,0,No,35.56,2073600,89976.0
826,Core i5,4.4,512 GB,16,DEDICATED,2,No,39.62,2073600,78290.0
828,Ryzen 3 Quad Core,4.1,512 GB,8,INTEGRATED,0,No,39.62,2073600,41490.0
829,Core i5,4.5,512 GB,8,DEDICATED,4,No,43.94,2073600,71990.0
830,Core i5,,512 GB,8,INTEGRATED,0,No,39.62,2073600,53490.0
831,Celeron Dual Core,2.4,,4,INTEGRATED,0,No,35.56,1049088,16990.0
832,Core i5,4.4,512 GB,8,INTEGRATED,0,Yes,35.56,2073600,78000.0
834,Core i5,4.4,512 GB,16,INTEGRATED,0,No,39.62,2073600,60490.0
835,Core i7,4.7,512 GB,16,INTEGRATED,0,Yes,33.78,5184000,102990.0
837,MediaTek Kompanio 1200,2.6,256 GB,8,INTEGRATED,0,No,33.78,2073600,35990.0
838,Core i5,4.5,512 GB,8,DEDICATED,4,No,39.62,2073600,69990.0
840,Ryzen 9 Octa Core,4.9,2 TB,32,DEDICATED,16,No,40.64,4096000,369990.0
841,Core i3,4.4,512 GB,8,INTEGRATED,0,No,39.62,2073600,45988.0
842,Celeron Dual Core,2.8,,4,INTEGRATED,0,Yes,35.56,1049088,18990.0
843,Core i7,4.7,1 TB,16,INTEGRATED,0,No,35.56,5184000,115999.0
845,Core i5,4.4,512 GB,8,INTEGRATED,0,No,40.64,2073600,69490.0
846,Ryzen 9 Octa Core,,512 GB,16,DEDICATED,6,No,42.16,2073600,99990.0
848,Core i3,3.8,512 GB,8,INTEGRATED,0,No,39.62,2073600,40900.0
849,Ryzen 7 Octa Core,4.7,1 TB,16,INTEGRATED,0,No,40.64,9216000,138999.0
850,Core i5,4.4,256 GB,8,INTEGRATED,0,No,39.62,2073600,60990.0
851,Core i5,4.4,512 GB,8,INTEGRATED,0,No,39.62,2073600,57990.0
853,MediaTek Kompanio 500,2.0,,4,INTEGRATED,0,Yes,26.67,2304000,29990.0
854,Core i5,3.9,512 GB,8,INTEGRATED,0,No,35.56,2073600,78990.0
855,Core i5,4.5,512 GB,16,DEDICATED,6,No,39.62,2073600,79990.0
856,Ryzen 5 Octa Core,,512 GB,8,INTEGRATED,0,No,35.56,2073600,50890.0
857,Core i7,4.7,512 GB,16,INTEGRATED,0,Yes,40.64,5898240,144490.0
858,Core i7,4.7,1 TB,16,INTEGRATED,0,Yes,43.94,4915200,329990.0
861,Ryzen 7 Octa Core,4.7,1 TB,16,INTEGRATED,0,Yes,34.04,9216000,209990.0
862,Core i5,4.5,512 GB,8,DEDICATED,4,No,39.62,2073600,58900.0
864,Ryzen 9 Octa Core,4.4,1 TB,32,DEDICATED,8,No,35.56,4096000,189999.0
865,Core i5,4.4,512 GB,8,DEDICATED,4,No,39.62,2073600,75990.0
866,Core i5,,512 GB,8,INTEGRATED,0,No,39.62,2073600,50963.0
868,Celeron Dual Core,,128 GB,4,INTEGRATED,0,No,35.81,2073600,16990.0
869,Core i5,4.2,512 GB,8,DEDICATED,2,Yes,33.78,2073600,81990.0
870,Ryzen 5 Hexa Core,4.2,512 GB,8,INTEGRATED,0,Yes,33.78,2073600,82500.0
872,Ryzen 7 Octa Core,4.3,512 GB,16,INTEGRATED,0,No,39.62,2073600,57990.0
873,Ryzen 7 Octa Core,4.4,512 GB,16,DEDICATED,4,No,39.62,2073600,86070.0
874,Celeron Dual Core,2.8,256 GB,4,INTEGRATED,0,No,35.56,1049088,41999.0
877,Ryzen 3 Quad Core,4.1,256 GB,8,INTEGRATED,0,No,35.56,2073600,39990.0
878,Ryzen 7 Octa Core,4.4,1 TB,16,DEDICATED,6,No,40.64,4096000,128998.0
879,Core i7,4.7,1 TB,16,INTEGRATED,0,Yes,35.56,5184000,121990.0
881,Core i7,4.7,256 GB,8,DEDICATED,2,No,39.62,2073600,65850.0
882,Ryzen 7 Quad Core,,512 GB,16,INTEGRATED,0,No,39.62,2073600,67420.0
884,Core i7,,1 TB,16,INTEGRATED,0,Yes,35.56,5184000,139500.0
885,Ryzen 3 Dual Core,2.6,512 GB,8,INTEGRATED,0,No,35.56,1049088,31999.0
886,Ryzen 5 Hexa Core,4.2,512 GB,8,INTEGRATED,0,Yes,35.81,2304000,59990.0
887,Core i5,4.2,512 GB,8,DEDICATED,2,No,35.0,2073600,63090.0
888,Ryzen 7 Octa Core,4.7,1 TB,16,DEDICATED,4,Yes,40.64,4096000,151990.0
890,Core i7,4.5,1 TB,16,DEDICATED,4,No,39.62,2073600,165490.0
891,Core i5,4.4,512 GB,16,DEDICATED,4,No,39.62,2073600,64990.0
893,Ryzen 5 Quad Core,,512 GB,16,INTEGRATED,0,No,39.62,2073600,60900.0
895,Core i3,4.4,512 GB,8,INTEGRATED,0,No,35.56,2073600,60070.0
896,Core i7,,512 GB,16,INTEGRATED,0,Yes,35.56,5184000,122000.0
897,Core i3,3.7,256 GB,8,INTEGRATED,0,No,39.62,2073600,38990.0
898,Ryzen 7 Octa Core,,16 GB,16,INTEGRATED,0,No,35.56,5184000,78500.0
900,Core i3,4.1,512 GB,8,INTEGRATED,0,No,39.62,2073600,44990.0
901,Ryzen 7 Octa Core,4.4,512 GB,16,INTEGRATED,0,No,39.62,2073600,54990.0
902,Ryzen 5 Hexa Core,4.0,512 GB,8,DEDICATED,4,No,39.62,2073600,58990.0
903,Ryzen 7 Octa Core,4.7,1 TB,16,DEDICATED,6,No,39.62,3686400,124990.0
905,Core i7,4.7,512 GB,8,INTEGRATED,0,No,35.56,2073600,67990.0
906,Core i5,4.2,512 GB,8,DEDICATED,2,No,39.62,2073600,52488.0
907,Core i5,2.4,512 GB,16,INTEGRATED,0,Yes,33.78,5184000,93490.0
908,Core i7,4.7,1 TB,16,DEDICATED,6,No,40.64,4096000,167990.0
910,Core i7,4.6,512 GB,16,DEDICATED,4,No,39.62,2073600,96999.0
911,Core i5,,512 GB,16,INTEGRATED,0,Yes,35.56,5184000,115000.0
912,Core i7,,1 TB,16,DEDICATED,4,No,39.62,2073600,99998.0
913,Core i3,3.0,256 GB,8,INTEGRATED,0,No,35.56,2073600,36990.0
915,Celeron Dual Core,2.4,,4,INTEGRATED,0,No,39.62,1049088,19990.0
917,Ryzen 7 Octa Core,4.4,512 GB,16,INTEGRATED,0,No,39.62,2073600,56990.0
918,Core i5,4.5,512 GB,16,DEDICATED,4,No,39.62,2073600,65990.0
920,Core i5,4.4,512 GB,8,DEDICATED,4,No,39.62,2073600,67490.0
921,Ryzen 7 Octa Core,4.4,512 GB,16,DEDICATED,6,No,40.89,2073600,92990.0
922,Core i3,,,8,INTEGRATED,0,No,39.62,2073600,42500.0
923,Core i5,,512 GB,16,INTEGRATED,0,No,39.62,2073600,59990.0
924,Core i7,,512 GB,16,DEDICATED,2,Yes,35.56,2304000,109790.0
926,Celeron Dual Core,2.8,,4,INTEGRATED,0,Yes,35.56,2073600,18990.0
928,Core i5,4.4,512 GB,8,DEDICATED,4,No,39.62,2073600,70980.0
929,Ryzen 5 Quad Core,4.3,512 GB,16,INTEGRATED,0,No,39.62,2073600,59990.0
930,Ryzen 5 Hexa Core,4.5,512 GB,16,INTEGRATED,0,Yes,33.78,5184000,96990.0
931,Core i5,3.4,256 GB,8,INTEGRATED,0,No,33.78,2073600,69990.0
933,Ryzen 7 Octa Core,4.5,512 GB,16,INTEGRATED,0,No,40.64,2304000,70990.0
934,Core i7,4.8,512 GB,16,DEDICATED,8,No,39.62,2073600,117990.0
935,Ryzen 5 Hexa Core,4.3,512 GB,8,INTEGRATED,0,No,39.62,2073600,54490.0
937,Core i7,4.8,512 GB,16,DEDICATED,2,No,35.56,2073600,244801.0
938,Core i3,3.5,,8,INTEGRATED,0,No,39.62,2073600,41700.0
940,Ryzen 5 Hexa Core,4.5,1 TB,8,DEDICATED,4,No,39.62,3686400,84990.0
941,Ryzen 7 Octa Core,4.7,1 TB,16,DEDICATED,6,Yes,40.64,4096000,156990.0
942,Core i7,4.8,512 GB,8,DEDICATED,4,No,39.62,2073600,79990.0
943,Core i5,4.2,512 GB,8,INTEGRATED,0,No,35.56,2073600,109990.0
944,Core i5,4.6,512 GB,16,INTEGRATED,0,Yes,35.56,5184000,104990.0
946,Core i5,4.5,512 GB,16,DEDICATED,4,No,39.62,2073600,97500.0
947,Core i7,4.7,512 GB,16,DEDICATED,6,No,40.64,4096000,154990.0
948,Core i3,4.1,256 GB,8,INTEGRATED,0,No,35.56,2073600,52937.0
949,M2,,256 GB,8,INTEGRATED,0,No,38.86,5368320,134900.0
951,Core i7,3.8,,8,DEDICATED,4,No,39.62,2073600,70990.0
952,M2,,256 GB,8,INTEGRATED,0,No,38.86,5368320,134900.0
954,Core i5,3.4,,8,DEDICATED,4,No,39.62,2073600,64821.0
955,M2,,256 GB,8,INTEGRATED,0,No,38.86,5368320,134900.0
957,M2,,512 GB,8,INTEGRATED,0,No,38.86,5368320,154900.0
958,M2,,512 GB,8,INTEGRATED,0,No,38.86,5368320,154900.0
962,Core i5,3.9,512 GB,8,INTEGRATED,0,No,33.78,2073600,66990.0
965,Ryzen 7 Octa Core,4.1,512 GB,8,INTEGRATED,0,No,35.56,2073600,63990.0
966,Ryzen 3 Quad Core,4.1,512 GB,8,INTEGRATED,0,No,39.62,2073600,32990.0
967,M2,,512 GB,8,INTEGRATED,0,No,38.86,5368320,154900.0
969,Core i5,4.5,512 GB,16,DEDICATED,4,No,39.62,2073600,62990.0
970,Ryzen 7 Octa Core,4.4,512 GB,16,INTEGRATED,0,Yes,35.56,2304000,67990.0
971,Core i5,4.1,512 GB,16,DEDICATED,4,No,39.62,2073600,75900.0
972,Core i9,5.0,2 TB,32,DEDICATED,16,No,43.94,8294400,299990.0
973,Core i3,4.1,512 GB,8,INTEGRATED,0,Yes,39.62,2073600,42990.0
975,Core i5,4.1,512 GB,8,DEDICATED,4,No,39.62,2073600,64000.0
976,Core i5,,512 GB,16,INTEGRATED,0,Yes,35.56,5184000,112440.0
977,Core i3,,256 GB,8,INTEGRATED,0,No,39.62,2073600,44490.0
979,Core i3,4.4,512 GB,8,INTEGRATED,0,No,35.56,2073600,41990.0
