Processor_Name,Clock_Speed,SSD_Capacity,RAM,Graphic_Processor,Graphic_Memory,Touchscreen,Screen_Size,Screen_Resolution,price
Athlon Dual Core,,NO_SSD,8,INTEGRATED,0,No,35.56,1049088.0,28500.0
Core i5,4.5,512 GB,8,DEDICATED,4,No,39.62,2073600.0,51990.0
Celeron Dual Core,2.8,256 GB,8,INTEGRATED,0,No,39.62,1049088.0,26989.0
Core i5,4.5,512 GB,16,INTEGRATED,0,No,35.56,5184000.0,71990.0
Core i3,4.1,512 GB,8,INTEGRATED,0,No,35.56,2073600.0,38990.0
Core i3,4.1,512 GB,8,INTEGRATED,0,No,39.62,2073600.0,37850.0
M1,,256 GB,8,INTEGRATED,0,No,33.78,4096000.0,79990.0
Core i5,4.2,512 GB,8,INTEGRATED,0,No,39.62,2073600.0,44990.0
Core i5,4.4,256 GB,16,DEDICATED,4,No,39.62,2073600.0,64990.0
Ryzen 3 Hexa Core,3.8,512 GB,8,INTEGRATED,0,No,39.62,2073600.0,33990.0
Core i5,4.4,512 GB,16,INTEGRATED,0,No,39.62,2073600.0,58000.0
Ryzen 5 Hexa Core,4.0,1 TB,8,DEDICATED,4,No,39.62,2073600.0,65990.0
Core i5,4.4,512 GB,8,INTEGRATED,0,No,39.62,2073600.0,55990.0
Ryzen 3 Dual Core,3.5,512 GB,8,INTEGRATED,0,No,39.62,2073600.0,33990.0
Ryzen 5 Hexa Core,4.0,512 GB,8,DEDICATED,4,No,39.62,2073600.0,47990.0
Core i5,4.2,512 GB,16,INTEGRATED,0,No,39.62,2073600.0,53990.0
Core i5,4.5,512 GB,16,INTEGRATED,0,No,35.56,5184000.0,69990.0
Core i3,4.1,256 GB,8,INTEGRATED,0,No,35.56,3110400.0,35990.0
Core i5,4.5,512 GB,8,DEDICATED,4,No,39.62,2073600.0,49990.0
Ryzen 5 Hexa Core,4.0,512 GB,8,INTEGRATED,0,No,39.62,2073600.0,48990.0
Celeron Quad Core,2.8,256 GB,8,INTEGRATED,0,No,39.62,2073600.0,23490.0
Ryzen 7 Octa Core,4.4,512 GB,16,INTEGRATED,0,No,40.64,2304000.0,62990.0
Ryzen 7 Octa Core,4.2,512 GB,8,DEDICATED,4,No,43.94,2073600.0,67990.0
Core i3,4.1,256 GB,8,INTEGRATED,0,No,35.56,2073600.0,56426.0
Ryzen 5 Quad Core,4.3,512 GB,8,INTEGRATED,0,No,39.62,2073600.0,37990.0
Ryzen 7 Octa Core,4.2,1 TB,16,DEDICATED,4,No,39.62,2073600.0,84990.0
Ryzen 5 Hexa Core,4.2,256 GB,8,DEDICATED,4,No,39.62,2073600.0,51990.0
Core i3,3.4,512 GB,8,INTEGRATED,0,No,39.62,2073600.0,29990.0
Ryzen 5 Hexa Core,4.0,512 GB,8,INTEGRATED,0,No,39.62,2073600.0,43975.0
Core i5,4.5,512 GB,8,INTEGRATED,0,No,39.62,2073600.0,52990.0
Core i5,4.2,512 GB,8,INTEGRATED,0,No,39.62,2073600.0,53190.0
Core i3,4.1,512 GB,8,INTEGRATED,0,No,39.62,2073600.0,38990.0
Core i3,4.1,512 GB,8,INTEGRATED,0,No,39.62,2073600.0,38990.0
Ryzen 5 Hexa Core,4.3,512 GB,16,INTEGRATED,0,No,35.56,2073600.0,57990.0
Core i3,3.8,512 GB,8,INTEGRATED,0,No,39.62,2073600.0,33990.0
Core i5,4.4,512 GB,16,INTEGRATED,0,No,35.56,2073600.0,72999.0
Ryzen 5 Hexa Core,4.3,512 GB,8,INTEGRATED,0,No,35.56,2073600.0,53990.0
Ryzen 7 Octa Core,4.4,512 GB,16,DEDICATED,4,Yes,39.62,2073600.0,74990.0
Core i5,4.5,512 GB,16,DEDICATED,4,No,39.62,2073600.0,54990.0
Ryzen 5 Hexa Core,4.0,512 GB,16,INTEGRATED,0,No,39.62,2073600.0,47990.0
Core i5,4.4,512 GB,8,DEDICATED,4,No,39.62,2073600.0,62890.0
Core i5,4.4,512 GB,16,INTEGRATED,0,No,39.62,2073600.0,64990.0
Core i5,4.4,512 GB,16,INTEGRATED,0,No,35.56,2073600.0,66990.0
Celeron Quad Core,2.8,256 GB,8,INTEGRATED,0,No,35.56,2073600.0,22990.0
Core i3,,256 GB,8,INTEGRATED,0,No,38.1,2073600.0,34990.0
Ryzen 5 Hexa Core,4.2,512 GB,8,DEDICATED,4,No,39.62,2073600.0,55990.0
Ryzen 7 Octa Core,4.4,512 GB,16,DEDICATED,6,No,39.62,3686400.0,104990.0
Core i5,4.7,512 GB,16,DEDICATED,6,No,40.64,6400000.0,124990.0
Core i7,4.7,1 TB,16,INTEGRATED,0,No,35.56,2073600.0,82990.0
Core i3,4.4,512 GB,8,INTEGRATED,0,No,39.62,2073600.0,37990.0
Snapdragon 7c Gen 2,2.55,NO_SSD,4,INTEGRATED,0,No,35.56,2073600.0,27990.0
Ryzen 7 Octa Core,4.4,512 GB,8,DEDICATED,4,No,39.62,2073600.0,55990.0
Core i3,4.4,512 GB,8,INTEGRATED,0,No,35.56,2073600.0,40990.0
Core i3,,512 GB,8,INTEGRATED,0,No,39.62,1049088.0,36990.0
Ryzen 5 Hexa Core,4.0,512 GB,16,INTEGRATED,0,No,39.62,2073600.0,47990.0
M2,,256 GB,8,INTEGRATED,0,No,34.54,4259840.0,106990.0
Core i5,4.5,512 GB,16,INTEGRATED,0,No,39.62,2073600.0,56490.0
Ryzen 3 Quad Core,3.8,512 GB,8,INTEGRATED,0,No,35.56,2073600.0,41500.0
Ryzen 3 Quad Core,3.5,512 GB,8,INTEGRATED,0,No,39.62,1049088.0,31990.0
Core i7,5.0,1 TB,16,DEDICATED,8,No,40.64,4096000.0,149990.0
Ryzen 7 Octa Core,4.2,512 GB,16,DEDICATED,4,No,39.62,2073600.0,73990.0
Core i5,4.5,512 GB,8,INTEGRATED,0,No,39.62,2073600.0,39990.0
Ryzen 3 Quad Core,3.8,512 GB,8,INTEGRATED,0,No,39.62,2073600.0,36490.0
Core i3,3.8,256 GB,8,INTEGRATED,0,No,39.62,2073600.0,31990.0
Core i3,4.1,256 GB,8,INTEGRATED,0,No,35.56,2073600.0,29990.0
Core i3,4.4,512 GB,8,INTEGRATED,0,No,39.62,2073600.0,40990.0
Ryzen 3 Quad Core,4.1,512 GB,8,INTEGRATED,0,No,39.62,2073600.0,35990.0
Ryzen 5 Hexa Core,4.2,512 GB,8,DEDICATED,4,No,39.62,2073600.0,55990.0
Ryzen 5 Hexa Core,4.0,512 GB,16,INTEGRATED,0,No,39.62,2073600.0,49990.0
Celeron Dual Core,2.8,256 GB,8,INTEGRATED,0,No,39.62,2073600.0,26990.0
Core i5,4.5,512 GB,8,DEDICATED,4,No,39.62,2073600.0,59990.0
M1,,256 GB,8,INTEGRATED,0,No,33.78,4096000.0,79990.0
Ryzen 3 Quad Core,4.1,512 GB,8,INTEGRATED,0,No,35.56,2073600.0,36990.0
Core i3,3.4,256 GB,8,INTEGRATED,0,No,39.62,2073600.0,27990.0
Ryzen 5 Hexa Core,4.2,512 GB,16,DEDICATED,4,No,39.62,2073600.0,63990.0
Core i7,4.6,256 GB,16,DEDICATED,4,No,39.62,2073600.0,72990.0
Core i7,5.0,512 GB,16,INTEGRATED,0,No,39.62,2073600.0,86990.0
Core i7,5.0,1 TB,16,INTEGRATED,0,No,39.62,2073600.0,86990.0
Ryzen 5 Hexa Core,4.0,512 GB,16,INTEGRATED,0,No,35.56,2073600.0,52990.0
Core i5,4.6,512 GB,16,INTEGRATED,0,No,39.62,2073600.0,76990.0
Core i3,4.1,512 GB,8,INTEGRATED,0,No,39.62,2073600.0,41490.0
Core i5,,512 GB,8,INTEGRATED,0,No,39.62,2073600.0,49990.0
Core i3,4.1,512 GB,8,INTEGRATED,0,No,39.62,2073600.0,38990.0
Ryzen 5 Hexa Core,4.3,512 GB,16,INTEGRATED,0,No,39.62,2073600.0,57790.0
Ryzen 3 Quad Core,4.1,512 GB,8,INTEGRATED,0,No,39.62,2073600.0,35990.0
Celeron Quad Core,2.8,256 GB,8,INTEGRATED,0,No,39.62,2073600.0,23490.0
Core i7,4.7,512 GB,16,DEDICATED,4,No,39.62,2073600.0,89990.0
Core i5,4.4,512 GB,16,INTEGRATED,0,No,39.62,2073600.0,67990.0
Core i5,4.5,512 GB,8,INTEGRATED,0,No,35.56,2073600.0,42990.0
Core i5,4.4,256 GB,16,DEDICATED,6,No,39.62,2073600.0,79990.0
Core i9,5.4,1 TB,32,DEDICATED,12,No,40.64,4096000.0,249990.0
M2,,256 GB,8,INTEGRATED,0,No,34.54,4259840.0,107910.0
Core i5,4.5,512 GB,8,INTEGRATED,0,No,35.56,3110400.0,43990.0
Athlon Dual Core,3.2,256 GB,4,INTEGRATED,0,No,39.62,1049088.0,23999.0
Ryzen 7 Octa Core,4.4,512 GB,16,DEDICATED,6,No,39.62,2073600.0,87990.0
Core i5,4.4,256 GB,8,INTEGRATED,0,No,39.62,2073600.0,63990.0
Core i5,4.6,512 GB,8,INTEGRATED,0,No,39.62,2073600.0,71990.0
Core i5,,512 GB,8,INTEGRATED,0,No,39.62,2073600.0,54990.0
Core i5,3.6,512 GB,8,DEDICATED,2,No,39.62,2073600.0,51990.0
Core i5,4.6,512 GB,8,INTEGRATED,0,No,39.62,2073600.0,64890.0
Ryzen 5 Hexa Core,4.5,512 GB,16,INTEGRATED,0,No,40.64,2304000.0,56990.0
Core i9,5.5,2 TB,32,DEDICATED,12,No,43.18,4096000.0,279990.0
Core i5,4.2,512 GB,16,INTEGRATED,0,No,39.62,2073600.0,58490.0
M2 Max,,1 TB,32,INTEGRATED,0,No,35.56,5939136.0,285490.0
Ryzen 5 Hexa Core,4.0,512 GB,8,INTEGRATED,0,No,35.56,2073600.0,44990.0
Core i5,4.5,512 GB,16,DEDICATED,4,No,39.62,2073600.0,76990.0
Core i3,4.1,512 GB,8,INTEGRATED,0,No,39.62,2073600.0,41490.0
Celeron Dual Core,2.8,NO_SSD,4,INTEGRATED,0,Yes,35.56,2073600.0,23990.0
Core i7,4.9,1 TB,16,DEDICATED,8,No,43.94,2073600.0,139990.0
Ryzen 5 Quad Core,4.3,512 GB,8,INTEGRATED,0,No,39.62,2073600.0,40990.0
Ryzen 5 Hexa Core,4.5,1 TB,16,INTEGRATED,0,No,40.64,2304000.0,63990.0
Ryzen 7 Octa Core,4.3,512 GB,16,INTEGRATED,0,No,39.62,2073600.0,55990.0
Ryzen 5 Hexa Core,4.2,512 GB,16,DEDICATED,4,No,39.62,2073600.0,66990.0
Ryzen 5 Hexa Core,4.55,512 GB,16,INTEGRATED,0,No,33.78,2304000.0,67990.0
Core i9,5.6,4 TB,64,DEDICATED,16,No,43.94,8294400.0,599990.0
Ryzen 7 Octa Core,4.4,512 GB,16,DEDICATED,4,No,39.62,2073600.0,62990.0
Core i3,4.1,512 GB,8,INTEGRATED,0,No,35.56,2073600.0,36990.0
Core i7,5.0,512 GB,16,INTEGRATED,0,No,39.62,2073600.0,86990.0
Core i5,4.5,512 GB,16,INTEGRATED,0,No,35.56,5184000.0,69990.0
Ryzen 3 Quad Core,3.8,512 GB,8,INTEGRATED,0,No,39.62,2073600.0,38990.0
Core i5,4.6,512 GB,16,INTEGRATED,0,No,35.56,2073600.0,63990.0
Core i5,4.6,1 TB,16,INTEGRATED,0,Yes,35.56,2073600.0,82100.0
Athlon Dual Core,3.2,256 GB,4,INTEGRATED,0,No,35.56,1049088.0,19990.0
Core i9,5.6,2 TB,64,DEDICATED,16,No,43.94,4096000.0,489990.0
Celeron Dual Core,2.8,NO_SSD,4,INTEGRATED,0,Yes,35.56,1049088.0,23990.0
Core i3,4.4,512 GB,8,INTEGRATED,0,No,39.62,2073600.0,43990.0
Ryzen 5 Hexa Core,4.2,256 GB,8,DEDICATED,4,No,39.62,2073600.0,51990.0
Ryzen 7 Octa Core,4.7,1 TB,16,DEDICATED,6,No,39.62,2073600.0,109990.0
M2 Max,,1 TB,32,INTEGRATED,0,No,40.64,7720704.0,322490.0
Core i3,4.1,256 GB,8,INTEGRATED,0,No,39.62,2073600.0,40990.0
Core i5,4.5,512 GB,16,DEDICATED,4,No,39.62,2073600.0,65990.0
Core i3,4.1,512 GB,16,INTEGRATED,0,No,39.62,2073600.0,38990.0
Core i3,4.1,256 GB,8,INTEGRATED,0,No,39.62,2073600.0,30990.0
Ryzen 7 Octa Core,4.75,1 TB,16,INTEGRATED,0,No,33.78,2304000.0,77990.0
Core i5,4.2,512 GB,8,INTEGRATED,0,No,39.62,2073600.0,51900.0
Core i3,4.4,512 GB,8,INTEGRATED,0,No,39.62,2073600.0,44990.0
M2 Pro,,1 TB,16,INTEGRATED,0,No,40.64,7720704.0,248490.0
Core i5,4.4,512 GB,8,INTEGRATED,0,No,35.56,2073600.0,51990.0
Ryzen 5 Hexa Core,4.5,512 GB,8,DEDICATED,4,No,38.0,2073600.0,69990.0
Ryzen 7 Octa Core,4.7,1 TB,16,DEDICATED,6,No,39.62,2073600.0,123990.0
Ryzen 3 Quad Core,,512 GB,8,INTEGRATED,0,No,35.56,1049088.0,26999.0
Ryzen 5 Hexa Core,4.0,512 GB,8,DEDICATED,4,No,43.94,2073600.0,63990.0
Celeron Quad Core,2.8,256 GB,8,INTEGRATED,0,No,35.56,2073600.0,22990.0
Core i7,4.7,512 GB,16,DEDICATED,4,No,39.62,2073600.0,94990.0
Core i5,3.6,512 GB,8,INTEGRATED,0,No,35.56,2073600.0,37990.0
Core i5,4.4,512 GB,16,INTEGRATED,0,No,35.56,2073600.0,50990.0
Core i3,4.4,512 GB,8,INTEGRATED,0,No,38.0,2073600.0,43900.0
Core i5,4.4,512 GB,8,DEDICATED,2,No,39.62,2073600.0,67990.0
Core i5,4.4,512 GB,16,INTEGRATED,0,No,39.62,2073600.0,63990.0
Core i7,4.7,512 GB,16,DEDICATED,6,No,39.62,2073600.0,92990.0
Core i5,4.4,512 GB,16,INTEGRATED,0,No,39.62,2073600.0,65990.0
Core i5,4.4,256 GB,8,DEDICATED,4,No,39.62,2073600.0,61990.0
Core i3,4.5,512 GB,8,INTEGRATED,0,No,40.64,2304000.0,47990.0
Core i5,4.6,512 GB,16,INTEGRATED,0,No,39.62,2073600.0,65990.0
M2,,512 GB,8,INTEGRATED,0,No,34.54,4259840.0,137990.0
Core i3,4.1,512 GB,8,INTEGRATED,0,No,35.56,2073600.0,42390.0
Core i5,4.5,512 GB,8,DEDICATED,4,No,39.62,2073600.0,52990.0
Core i7,4.7,512 GB,16,DEDICATED,6,No,40.64,2304000.0,99990.0
Celeron Quad Core,2.8,512 GB,8,INTEGRATED,0,No,39.62,2073600.0,25990.0
Ryzen 5 Hexa Core,4.5,512 GB,8,INTEGRATED,0,No,35.56,2073600.0,42990.0
Core i3,4.1,512 GB,8,INTEGRATED,0,No,35.56,2073600.0,31990.0
Ryzen 7 Octa Core,4.7,1 TB,32,DEDICATED,8,No,40.64,4096000.0,191990.0
Core i5,4.4,512 GB,8,INTEGRATED,0,No,35.56,2073600.0,66990.0
Core i5,4.5,256 GB,8,DEDICATED,4,No,39.62,2073600.0,49990.0
Ryzen 5 Hexa Core,4.3,512 GB,16,INTEGRATED,0,No,35.56,2073600.0,56990.0
M1,,512 GB,8,INTEGRATED,0,No,33.78,4096000.0,109990.0
Core i3,4.1,256 GB,8,INTEGRATED,0,No,35.56,2073600.0,33990.0
Core i5,4.2,512 GB,16,INTEGRATED,0,No,39.62,2073600.0,64490.0
Core i5,4.6,1 TB,16,INTEGRATED,0,Yes,35.56,2073600.0,82100.0
Ryzen 5 Hexa Core,4.5,512 GB,16,INTEGRATED,0,No,35.56,2073600.0,46990.0
Core i5,4.4,512 GB,8,DEDICATED,4,No,39.62,2073600.0,56990.0
Core i5,4.4,512 GB,8,INTEGRATED,0,No,35.56,2073600.0,51990.0
Core i5,4.6,512 GB,8,INTEGRATED,0,No,39.62,2073600.0,62990.0
Ryzen 3 Quad Core,4.1,512 GB,8,INTEGRATED,0,No,39.62,2073600.0,44990.0
Athlon Dual Core,3.2,512 GB,8,INTEGRATED,0,No,39.62,1049088.0,31990.0
Core i7,5.0,2 TB,16,DEDICATED,8,No,43.94,3686400.0,309990.0
M2 Pro,,1 TB,16,INTEGRATED,0,No,40.64,7720704.0,248490.0
Core i5,4.4,512 GB,16,INTEGRATED,0,No,35.56,2304000.0,72990.0
M2,,256 GB,8,INTEGRATED,0,No,34.54,4259840.0,106990.0
Core i3,4.1,512 GB,8,INTEGRATED,0,No,39.62,2073600.0,37200.0
Core i7,5.0,1 TB,16,INTEGRATED,0,No,40.64,4096000.0,129990.0
Core i3,4.5,512 GB,8,INTEGRATED,0,No,39.62,2073600.0,47490.0
M2,,256 GB,8,INTEGRATED,0,No,33.78,4096000.0,119990.0
Ryzen 5 Quad Core,4.3,512 GB,16,INTEGRATED,0,No,39.62,2073600.0,52490.0
Core i7,4.7,1 TB,16,DEDICATED,8,No,43.94,2073600.0,165990.0
Core i7,5.0,512 GB,16,DEDICATED,6,No,40.64,2304000.0,124990.0
Core i5,4.4,512 GB,8,INTEGRATED,0,No,39.62,2073600.0,68990.0
Core i9,5.4,1 TB,32,DEDICATED,12,No,40.64,4096000.0,299990.0
Core i5,4.5,512 GB,16,INTEGRATED,0,No,35.56,3110400.0,54990.0
Celeron Quad Core,2.8,512 GB,8,INTEGRATED,0,No,39.62,2073600.0,25990.0
Core i5,4.6,1 TB,8,INTEGRATED,0,No,39.62,2073600.0,67990.0
Core i7,4.7,1 TB,32,DEDICATED,8,No,43.94,2073600.0,300490.0
Core i7,4.4,512 GB,16,INTEGRATED,0,No,39.62,2073600.0,80990.0
Ryzen 5 Hexa Core,4.2,512 GB,8,DEDICATED,4,No,39.62,2073600.0,63990.0
Core i9,4.9,1 TB,16,DEDICATED,6,No,39.62,2073600.0,109990.0
M1 Pro,,512 GB,16,INTEGRATED,0,No,41.15,7720704.0,225090.0
Ryzen 3 Quad Core,4.1,256 GB,8,INTEGRATED,0,No,35.56,2073600.0,37500.0
Core i5,4.5,512 GB,16,INTEGRATED,0,Yes,35.56,2304000.0,79990.0
Ryzen 7 Octa Core,4.4,1 TB,16,DEDICATED,8,No,39.62,2073600.0,146990.0
Ryzen 9 Octa Core,4.4,1 TB,32,DEDICATED,8,No,35.56,4096000.0,176990.0
Core i9,5.0,1 TB,32,INTEGRATED,0,Yes,35.56,5184000.0,154990.0
Core i5,4.5,512 GB,8,DEDICATED,4,No,43.94,2073600.0,64990.0
Celeron Dual Core,,128 GB,4,INTEGRATED,0,No,35.81,2073600.0,16990.0
M2 Pro,,1 TB,16,INTEGRATED,0,No,35.56,5939136.0,229990.0
Core i5,4.5,512 GB,16,DEDICATED,6,No,39.62,2073600.0,79990.0
Core i7,4.7,512 GB,16,DEDICATED,4,No,39.62,2073600.0,91990.0
Core i3,4.1,256 GB,8,INTEGRATED,0,No,38.0,2073600.0,38499.0
Core i5,4.6,512 GB,16,INTEGRATED,0,No,35.56,5184000.0,97990.0
M2,,512 GB,8,INTEGRATED,0,No,33.78,4096000.0,137990.0
Ryzen 7 Octa Core,4.7,1 TB,16,DEDICATED,6,No,39.62,3686400.0,140990.0
Ryzen 3 Quad Core,4.1,512 GB,8,INTEGRATED,0,No,39.62,2073600.0,44990.0
Core i5,4.5,512 GB,8,DEDICATED,4,No,40.89,2073600.0,59990.0
Core i3,4.4,512 GB,8,INTEGRATED,0,No,39.62,2073600.0,45990.0
Core i5,4.5,512 GB,16,INTEGRATED,0,No,35.56,2304000.0,60990.0
Core i5,4.4,256 GB,8,DEDICATED,2,No,39.62,2073600.0,69490.0
Core i5,4.2,512 GB,16,INTEGRATED,0,Yes,33.78,2073600.0,87990.0
M2 Pro,,512 GB,16,INTEGRATED,0,No,40.64,7720704.0,229990.0
Core i7,4.7,1 TB,16,DEDICATED,8,No,39.62,3686400.0,244990.0
Celeron Dual Core,2.8,NO_SSD,4,INTEGRATED,0,No,29.47000000000001,1049088.0,17990.0
Core i5,4.4,512 GB,16,DEDICATED,4,No,40.64,2304000.0,72990.0
Core i9,5.0,512 GB,16,INTEGRATED,0,No,39.62,2073600.0,84990.0
Ryzen 7 Octa Core,4.3,512 GB,16,INTEGRATED,0,No,39.62,2073600.0,57990.0
Ryzen 9 Octa Core,4.6,1 TB,16,DEDICATED,10,No,39.62,2073600.0,109990.0
Core i5,4.7,1 TB,16,DEDICATED,6,Yes,36.83,5184000.0,199990.0
Core i3,3.8,512 GB,8,INTEGRATED,0,No,39.62,2073600.0,38980.0
Ryzen 5 Quad Core,4.3,512 GB,8,INTEGRATED,0,No,39.62,2073600.0,45990.0
Core i7,4.7,512 GB,16,INTEGRATED,0,Yes,35.56,5184000.0,104990.0
Core i5,4.6,512 GB,16,INTEGRATED,0,No,39.62,2073600.0,73990.0
Ryzen 7 Octa Core,4.7,1 TB,32,DEDICATED,8,No,40.64,4096000.0,191990.0
Ryzen 5 Hexa Core,4.2,512 GB,8,DEDICATED,4,No,39.62,2073600.0,51990.0
Core i7,4.7,1 TB,16,DEDICATED,4,No,39.62,2073600.0,101990.0
Core i9,5.3,1 TB,32,DEDICATED,8,No,39.62,8294400.0,325990.0
M2,,256 GB,16,INTEGRATED,0,No,34.54,4259840.0,128990.0
Core i5,4.2,256 GB,8,INTEGRATED,0,No,39.62,2073600.0,49990.0
Ryzen 3 Dual Core,3.5,256 GB,8,INTEGRATED,0,No,38.0,2073600.0,36790.0
Core i5,4.4,512 GB,8,INTEGRATED,0,No,35.56,2073600.0,67990.0
Core i5,4.6,512 GB,16,INTEGRATED,0,No,33.78,5184000.0,104990.0
Core i5,4.4,512 GB,8,DEDICATED,4,No,39.62,2073600.0,67490.0
Core i7,4.7,1 TB,32,DEDICATED,8,No,39.62,3686400.0,275990.0
Core i5,4.4,512 GB,16,INTEGRATED,0,Yes,35.56,2073600.0,69990.0
Core i3,3.7,512 GB,8,INTEGRATED,0,Yes,35.56,2073600.0,51990.0
Ryzen 7 Octa Core,4.4,512 GB,16,DEDICATED,4,No,40.89,2073600.0,97090.0
Ryzen 5 Hexa Core,4.2,512 GB,8,INTEGRATED,0,Yes,35.56,2304000.0,56990.0
Ryzen 7 Octa Core,4.5,512 GB,16,INTEGRATED,0,No,35.56,5184000.0,94990.0
Celeron Dual Core,2.8,512 GB,8,INTEGRATED,0,No,39.62,2073600.0,27990.0
Core i9,5.0,1 TB,32,DEDICATED,16,No,43.94,2073600.0,323990.0
Core i5,4.5,512 GB,8,INTEGRATED,0,No,35.56,2304000.0,55990.0
Ryzen 5 Quad Core,4.3,512 GB,8,INTEGRATED,0,No,39.62,2073600.0,48499.0
Core i7,5.0,1 TB,16,INTEGRATED,0,No,33.78,5184000.0,149990.0
Ryzen 9 16 Core,5.4,2 TB,32,DEDICATED,16,No,40.64,4096000.0,429990.0
Core i5,4.2,512 GB,16,INTEGRATED,0,No,39.62,2073600.0,60990.0
Ryzen 9 Octa Core,4.9,1 TB,16,DEDICATED,8,No,39.62,3686400.0,181990.0
Core i7,4.6,1 TB,16,DEDICATED,6,No,39.62,2073600.0,113990.0
Ryzen 7 Octa Core,4.75,1 TB,16,INTEGRATED,0,No,33.78,2304000.0,77990.0
Ryzen 7 Octa Core,4.5,512 GB,16,INTEGRATED,0,No,40.64,2073600.0,73890.0
Core i5,4.4,512 GB,16,DEDICATED,4,No,39.62,2073600.0,75990.0
Core i3,4.1,256 GB,8,INTEGRATED,0,Yes,35.56,2073600.0,44990.0
Ryzen 5 Quad Core,3.7,512 GB,8,INTEGRATED,0,No,35.56,2073600.0,46990.0
Ryzen 7 Octa Core,4.4,512 GB,16,DEDICATED,4,No,39.62,2073600.0,115990.0
Core i5,5.0,512 GB,8,DEDICATED,4,No,39.62,2073600.0,50050.0
Core i5,4.4,256 GB,16,DEDICATED,8,No,39.62,2073600.0,89990.0
Ryzen 9 Octa Core,4.9,2 TB,32,DEDICATED,16,No,40.64,2304000.0,361990.0
Core i5,4.6,512 GB,16,INTEGRATED,0,No,33.78,5184000.0,109990.0
Core i9,5.6,1 TB,32,DEDICATED,12,No,40.64,4096000.0,279990.0
M1 Pro,,1 TB,16,INTEGRATED,0,No,41.15,7720704.0,243990.0
Core i5,4.6,512 GB,16,INTEGRATED,0,No,39.62,2073600.0,76990.0
M2 Max,,1 TB,32,INTEGRATED,0,No,35.56,5939136.0,285490.0
M2,,512 GB,8,INTEGRATED,0,No,34.54,4259840.0,137990.0
Core i7,4.7,1 TB,16,INTEGRATED,0,No,35.56,5184000.0,93990.0
Ryzen 9 Octa Core,4.9,1 TB,16,DEDICATED,8,No,39.62,3686400.0,177990.0
Core i7,4.7,1 TB,16,DEDICATED,6,No,39.62,3686400.0,129490.0
Ryzen 9 Octa Core,4.9,1 TB,16,DEDICATED,8,No,39.62,3686400.0,174990.0
Ryzen 5 Hexa Core,,512 GB,16,INTEGRATED,0,No,40.64,2304000.0,54990.0
M1,,256 GB,16,INTEGRATED,0,No,33.78,4096000.0,111990.0
Core i7,5.0,1 TB,32,DEDICATED,0,No,40.64,4096000.0,185990.0
Athlon Dual Core,3.2,256 GB,4,INTEGRATED,0,No,35.56,1049088.0,17990.0
Ryzen 7 Octa Core,4.3,512 GB,16,INTEGRATED,0,No,35.56,2073600.0,59990.0
Core i9,5.4,2 TB,32,DEDICATED,16,No,40.64,4096000.0,364990.0
Ryzen 7 Octa Core,4.7,2 TB,32,DEDICATED,6,No,40.64,2304000.0,204990.0
Core i9,5.4,1 TB,32,DEDICATED,6,Yes,36.83,5184000.0,229898.0
Ryzen 5 Quad Core,3.5,512 GB,8,INTEGRATED,0,No,39.62,2073600.0,47990.0
Ryzen 5 Quad Core,4.3,512 GB,8,INTEGRATED,0,No,39.62,2073600.0,45990.0
Ryzen 9 Octa Core,4.9,1 TB,16,DEDICATED,6,No,39.62,3686400.0,166990.0
Core i5,4.5,512 GB,16,DEDICATED,4,No,39.62,2073600.0,79990.0
Ryzen 5 Hexa Core,4.3,512 GB,8,INTEGRATED,0,No,39.62,2073600.0,54490.0
Ryzen 7 Octa Core,4.2,512 GB,16,DEDICATED,4,No,39.62,2073600.0,73990.0
Core i3,4.4,512 GB,8,INTEGRATED,0,No,39.62,2073600.0,45499.0
Ryzen 5 Dual Core,3.5,512 GB,8,INTEGRATED,0,No,39.62,2073600.0,45690.0
Ryzen 9 Octa Core,4.9,1 TB,16,DEDICATED,8,No,39.62,3686400.0,211990.0
Celeron Dual Core,2.8,NO_SSD,4,INTEGRATED,0,No,29.47000000000001,1049088.0,16990.0
Core i3,4.4,512 GB,8,INTEGRATED,0,No,35.56,2073600.0,48990.0
Ryzen 5 Hexa Core,4.0,256 GB,8,INTEGRATED,0,No,39.62,2073600.0,53990.0
Core i7,5.0,1 TB,16,DEDICATED,8,No,39.62,2073600.0,169990.0
Core i5,4.7,512 GB,16,DEDICATED,4,No,35.56,5184000.0,82990.0
Core i3,4.1,512 GB,8,INTEGRATED,0,No,35.56,2073600.0,40990.0
Core i7,5.1,1 TB,16,DEDICATED,8,No,39.62,2073600.0,183490.0
Core i7,4.7,1 TB,16,INTEGRATED,0,No,39.62,2073600.0,85990.0
Core i5,4.4,512 GB,16,INTEGRATED,0,Yes,35.56,2073600.0,77400.0
Ryzen 5 Hexa Core,4.2,512 GB,8,INTEGRATED,0,Yes,35.81,2304000.0,61990.0
Hexa Core i5,4.5,256 GB,8,DEDICATED,4,No,39.62,2073600.0,53999.0
Ryzen 9 Octa Core,4.9,1 TB,16,DEDICATED,8,No,39.62,3686400.0,211990.0
Ryzen 7 Octa Core,4.7,1 TB,16,DEDICATED,4,No,39.62,2073600.0,96990.0
Ryzen 5 Quad Core,4.3,512 GB,16,INTEGRATED,0,No,39.62,2073600.0,59950.0
Ryzen 7 Octa Core,4.4,1 TB,16,DEDICATED,6,No,39.62,3686400.0,134990.0
Core i3,3.7,512 GB,8,INTEGRATED,0,Yes,35.56,2073600.0,51990.0
Ryzen 9 Octa Core,4.9,1 TB,32,DEDICATED,8,No,40.89,2073600.0,154490.0
Ryzen 7 Octa Core,4.4,1 TB,16,INTEGRATED,0,No,35.56,5184000.0,75990.0
Core i7,4.6,512 GB,16,DEDICATED,4,No,39.62,2073600.0,103490.0
Ryzen 5 Hexa Core,4.0,512 GB,8,INTEGRATED,0,Yes,35.56,2073600.0,61990.0
Core i3,4.4,512 GB,8,INTEGRATED,0,No,39.62,2073600.0,47990.0
Core i5,4.4,512 GB,16,DEDICATED,4,No,39.62,2073600.0,73990.0
Core i7,4.7,1 TB,16,INTEGRATED,0,No,35.56,5184000.0,115999.0
Core i9,5.0,1 TB,32,DEDICATED,8,No,39.62,3686400.0,225000.0
Core i5,4.5,512 GB,8,INTEGRATED,0,No,35.56,3110400.0,43990.0
Ryzen 5 Hexa Core,4.55,512 GB,16,INTEGRATED,0,No,33.78,2304000.0,67990.0
Ryzen 7 Octa Core,4.7,512 GB,16,DEDICATED,4,No,40.89,2073600.0,111180.0
Core i7,4.6,512 GB,8,DEDICATED,4,No,39.62,2073600.0,67990.0
Ryzen 3 Dual Core,3.5,512 GB,8,INTEGRATED,0,No,39.62,2073600.0,36990.0
Core i3,4.4,512 GB,8,INTEGRATED,0,No,39.62,2073600.0,39990.0
Core i5,4.2,256 GB,8,INTEGRATED,2,No,39.62,2073600.0,59990.0
Core i3,,512 GB,8,INTEGRATED,0,No,35.56,5184000.0,51990.0
Ryzen 5 Hexa Core,4.5,512 GB,16,DEDICATED,4,No,38.0,2073600.0,70990.0
Core i5,4.2,512 GB,8,INTEGRATED,0,No,39.62,2073600.0,54890.0
Core i3,4.5,512 GB,8,INTEGRATED,0,No,35.56,2073600.0,45990.0
Core i5,4.6,512 GB,16,INTEGRATED,0,No,35.56,2073600.0,59990.0
Ryzen 9 Octa Core,4.6,1 TB,16,DEDICATED,12,No,39.62,3686400.0,148990.0
Core i3,4.4,512 GB,8,INTEGRATED,0,No,39.62,2073600.0,40990.0
Core i5,4.6,512 GB,16,INTEGRATED,0,No,35.56,5184000.0,97990.0
Ryzen 5 Hexa Core,4.0,512 GB,16,INTEGRATED,0,Yes,35.56,2304000.0,61990.0
Ryzen 5 Hexa Core,4.2,512 GB,16,DEDICATED,4,No,39.62,2073600.0,68990.0
Core i7,4.7,512 GB,16,DEDICATED,4,No,35.56,2073600.0,167990.0
Core i5,4.5,512 GB,8,DEDICATED,4,No,39.62,2073600.0,57990.0
Ryzen 9 Octa Core,4.6,512 GB,16,DEDICATED,6,No,39.62,2073600.0,99990.0
Core i5,2.4,512 GB,16,INTEGRATED,0,Yes,34.04,2304000.0,84990.0
Core i5,4.5,512 GB,16,INTEGRATED,0,No,39.62,2073600.0,63990.0
Ryzen 9 Octa Core,4.9,1 TB,16,DEDICATED,8,No,43.94,3686400.0,210990.0
Core i7,4.7,1 TB,16,DEDICATED,6,No,39.62,8294400.0,149990.0
Celeron Dual Core,,256 GB,8,INTEGRATED,0,No,39.62,2073600.0,23490.0
Core i3,4.5,512 GB,8,INTEGRATED,0,No,35.56,2073600.0,45990.0
Core i7,4.6,1 TB,16,DEDICATED,8,No,43.94,2073600.0,180990.0
Core i5,4.2,512 GB,8,INTEGRATED,0,No,39.62,2073600.0,55490.0
Core i5,4.2,512 GB,8,INTEGRATED,0,No,39.62,2073600.0,48990.0
Core i3,3.4,NO_SSD,8,INTEGRATED,0,No,35.56,2073600.0,38490.0
Core i5,4.5,512 GB,16,INTEGRATED,0,No,35.56,3110400.0,54990.0
Core i9,5.0,1 TB,16,DEDICATED,6,No,39.62,2073600.0,138990.0
Ryzen 3 Quad Core,4.1,512 GB,8,INTEGRATED,0,No,39.62,2073600.0,44990.0
Celeron Dual Core,2.8,128 GB,4,INTEGRATED,0,No,29.47000000000001,1049088.0,20990.0
Ryzen 7 Octa Core,4.7,1 TB,16,DEDICATED,6,Yes,40.64,4096000.0,156990.0
Core i9,5.0,1 TB,32,DEDICATED,16,No,39.62,3686400.0,281990.0
Ryzen 5 Hexa Core,4.2,512 GB,8,DEDICATED,4,No,39.62,2073600.0,68392.0
Core i3,4.4,512 GB,8,INTEGRATED,0,Yes,35.56,2073600.0,49990.0
Core i7,4.4,512 GB,16,DEDICATED,4,No,39.62,2073600.0,99000.0
Core i5,4.5,512 GB,16,INTEGRATED,0,No,39.62,2073600.0,62749.0
Ryzen 7 Octa Core,4.75,1 TB,16,INTEGRATED,0,No,33.78,2304000.0,77000.0
Core i3,4.4,512 GB,8,INTEGRATED,0,Yes,35.56,2304000.0,59840.0
Core i7,5.0,1 TB,16,INTEGRATED,0,No,35.56,4096000.0,142990.0
Ryzen 9 Octa Core,4.9,1 TB,16,DEDICATED,6,Yes,40.64,4096000.0,191990.0
Core i3,4.1,512 GB,8,INTEGRATED,0,No,39.62,2073600.0,38190.0
Core i5,4.4,512 GB,16,INTEGRATED,0,Yes,35.56,5184000.0,87990.0
Ryzen 9 Octa Core,5.4,1 TB,16,DEDICATED,12,No,43.94,3686400.0,269990.0
Core i3,,512 GB,8,INTEGRATED,0,No,39.62,2073600.0,44892.0
Ryzen 5 Quad Core,3.7,256 GB,8,INTEGRATED,0,No,39.62,2073600.0,42690.0
Ryzen 7 Octa Core,4.7,1 TB,16,DEDICATED,6,No,39.62,2073600.0,124990.0
Core i5,4.5,512 GB,8,DEDICATED,4,No,39.62,2073600.0,60990.0
Ryzen 7 Octa Core,4.7,2 TB,32,DEDICATED,6,No,40.64,2304000.0,204990.0
Core i7,5.0,512 GB,16,INTEGRATED,0,No,35.56,5184000.0,117990.0
Ryzen 7 Octa Core,4.7,1 TB,16,DEDICATED,6,No,39.62,3686400.0,135990.0
Ryzen 7 Octa Core,4.4,512 GB,16,DEDICATED,4,No,39.62,2073600.0,75990.0
Core i9,2.5,1 TB,16,DEDICATED,6,No,40.64,9216000.0,199990.0
Core i7,4.9,1 TB,16,DEDICATED,6,No,39.62,2073600.0,144990.0
Core i7,4.7,1 TB,16,DEDICATED,6,No,39.62,3686400.0,149990.0
Ryzen 5 Hexa Core,4.0,512 GB,8,INTEGRATED,0,No,39.62,2073600.0,42490.0
Core i7,5.0,1 TB,16,DEDICATED,0,No,40.64,4096000.0,175990.0
Core i3,4.1,256 GB,8,INTEGRATED,0,No,35.56,2073600.0,38226.0
Core i7,5.0,512 GB,16,DEDICATED,8,No,40.64,4096000.0,164990.0
Core i5,4.7,512 GB,16,DEDICATED,4,No,35.56,5184000.0,82990.0
Ryzen 7 Octa Core,4.7,1 TB,16,DEDICATED,4,Yes,34.04,2304000.0,127990.0
Core i5,4.5,512 GB,16,INTEGRATED,0,No,35.56,5184000.0,84890.0
Core i5,4.5,512 GB,16,INTEGRATED,0,Yes,35.56,5184000.0,99990.0
Core i5,4.2,512 GB,8,INTEGRATED,0,No,39.62,2073600.0,47990.0
Ryzen 3 Quad Core,4.1,512 GB,8,INTEGRATED,0,No,39.62,2073600.0,39490.0
Core i3,4.4,512 GB,8,INTEGRATED,0,Yes,35.56,2073600.0,49990.0
Ryzen 5 Quad Core,4.3,512 GB,8,INTEGRATED,0,No,39.62,2073600.0,52990.0
Ryzen 7 Octa Core,4.4,512 GB,8,DEDICATED,4,No,39.62,2073600.0,76990.0
Core i7,5.0,1 TB,32,DEDICATED,8,No,40.64,4096000.0,199990.0
Ryzen 7 Octa Core,4.7,1 TB,16,DEDICATED,8,No,35.56,2304000.0,131990.0
Core i7,5.0,512 GB,16,INTEGRATED,0,No,39.62,2073600.0,71990.0
Core i5,4.4,512 GB,8,INTEGRATED,0,No,35.56,2073600.0,48990.0
Core i3,3.4,256 GB,8,INTEGRATED,0,No,34.19,2073600.0,27990.0
Celeron Dual Core,2.8,256 GB,8,INTEGRATED,0,No,29.47000000000001,1049088.0,23490.0
Core i3,3.4,512 GB,8,INTEGRATED,0,No,39.62,2073600.0,35990.0
Core i9,5.0,1 TB,32,DEDICATED,8,No,39.62,2073600.0,304990.0
Core i7,4.7,1 TB,16,DEDICATED,6,No,40.64,4096000.0,159990.0
Core i5,4.7,512 GB,16,INTEGRATED,0,No,40.64,2304000.0,65990.0
Core i9,5.0,1 TB,32,DEDICATED,8,No,43.94,3686400.0,334990.0
Core i7,5.0,1 TB,16,INTEGRATED,0,No,33.78,5184000.0,124990.0
Core i9,5.0,1 TB,32,DEDICATED,8,No,40.64,4096000.0,241990.0
Core i5,4.2,512 GB,8,INTEGRATED,2,No,39.62,2073600.0,71857.0
Ryzen 5 Hexa Core,2.1,512 GB,8,INTEGRATED,0,No,39.62,2073600.0,44883.0
Core i3,3.4,512 GB,8,INTEGRATED,0,No,39.62,2073600.0,40690.0
Core i3,3.4,512 GB,8,INTEGRATED,0,No,39.62,2073600.0,29990.0
M1,,256 GB,16,INTEGRATED,0,No,33.78,4096000.0,111990.0
Core i5,4.4,512 GB,16,INTEGRATED,0,Yes,39.62,2073600.0,80990.0
Ryzen 9 Octa Core,4.9,1 TB,16,DEDICATED,6,No,38.0,2073600.0,136990.0
Ryzen 3 Quad Core,4.1,512 GB,8,INTEGRATED,0,No,39.62,2073600.0,41890.0
Core i7,4.6,512 GB,8,DEDICATED,4,No,39.62,2073600.0,72990.0
Ryzen 7 Octa Core,4.4,512 GB,16,INTEGRATED,0,Yes,35.56,2304000.0,67990.0
Ryzen 7 Octa Core,4.4,512 GB,16,INTEGRATED,0,No,40.64,2304000.0,59990.0
Core i5,4.4,512 GB,16,INTEGRATED,0,No,35.56,2073600.0,61900.0
Ryzen 7 Octa Core,4.4,512 GB,16,DEDICATED,4,No,39.62,2073600.0,80990.0
Core i9,5.0,1 TB,16,DEDICATED,4,Yes,34.04,9216000.0,304980.0
Ryzen 5 Hexa Core,4.5,1 TB,8,INTEGRATED,0,No,40.64,2304000.0,56990.0
Ryzen 5 Hexa Core,4.2,512 GB,16,DEDICATED,4,No,39.62,2073600.0,68990.0
Ryzen 9 Octa Core,4.9,1 TB,16,DEDICATED,8,No,39.62,3686400.0,189990.0
M2 Pro,,512 GB,16,INTEGRATED,0,No,40.64,7720704.0,229990.0
Core i7,4.9,1 TB,16,DEDICATED,6,No,43.94,2073600.0,129990.0
Core i5,4.2,512 GB,8,INTEGRATED,0,Yes,35.56,2073600.0,63990.0
Core i5,4.4,512 GB,8,INTEGRATED,0,No,39.62,2073600.0,63750.0
Core i7,4.4,1 TB,16,INTEGRATED,0,Yes,39.62,2073600.0,108990.0
Core i7,4.7,1 TB,32,DEDICATED,8,No,40.64,4096000.0,194990.0
Core i3,4.1,512 GB,8,INTEGRATED,0,No,39.62,2073600.0,39700.0
Core i5,4.4,512 GB,16,INTEGRATED,0,No,39.62,2073600.0,61490.0
Core i3,3.4,512 GB,8,INTEGRATED,0,No,39.62,2073600.0,29990.0
Core i7,5.0,512 GB,16,INTEGRATED,0,Yes,35.56,5184000.0,124990.0
M1 Max,,1 TB,32,INTEGRATED,0,No,41.15,7720704.0,309490.0
Ryzen 7 Octa Core,4.4,1 TB,32,DEDICATED,8,No,40.64,4096000.0,181990.0
Core i7,5.0,1 TB,32,DEDICATED,8,No,40.64,4096000.0,219990.0
Core i5,4.0,512 GB,8,INTEGRATED,0,No,35.56,2073600.0,60990.0
Core i7,5.0,1 TB,16,DEDICATED,6,No,40.64,2304000.0,129990.0
Core i7,4.9,512 GB,16,DEDICATED,2,No,35.56,2073600.0,72500.0
Core i5,4.2,256 GB,8,INTEGRATED,0,No,39.62,2073600.0,60130.0
Core i7,4.7,512 GB,16,DEDICATED,4,Yes,34.04,2304000.0,124990.0
Core i5,4.4,512 GB,16,INTEGRATED,0,Yes,35.56,2073600.0,62990.0
M1,,512 GB,8,INTEGRATED,0,No,33.78,4096000.0,109990.0
Core i3,3.7,256 GB,8,INTEGRATED,0,No,39.62,2073600.0,38990.0
Ryzen 5 Hexa Core,4.2,512 GB,8,DEDICATED,4,No,39.62,2073600.0,67999.0
Core i7,5.0,1 TB,16,DEDICATED,8,No,39.62,8294400.0,250000.0
Core i5,3.6,512 GB,8,INTEGRATED,0,No,35.56,2073600.0,37990.0
Ryzen 7 Octa Core,4.4,512 GB,16,DEDICATED,4,No,39.62,2073600.0,72990.0
Ryzen 7 Octa Core,4.3,512 GB,8,INTEGRATED,0,No,35.56,2073600.0,57990.0
Ryzen 9 Octa Core,4.6,512 GB,16,DEDICATED,4,No,39.62,2073600.0,104990.0
Core i5,4.5,256 GB,8,DEDICATED,4,No,39.62,2073600.0,59990.0
Ryzen 5 Quad Core,4.3,512 GB,16,INTEGRATED,0,No,39.62,2073600.0,56999.0
Core i5,4.4,512 GB,16,INTEGRATED,0,No,39.62,2073600.0,75070.0
Core i5,4.5,512 GB,8,INTEGRATED,0,No,35.56,3110400.0,43990.0
Ryzen 5 Hexa Core,4.3,512 GB,8,INTEGRATED,0,Yes,35.56,2073600.0,78061.0
Core i7,4.7,1 TB,16,DEDICATED,8,No,39.62,8294400.0,193990.0
Core i7,5.0,2 TB,16,DEDICATED,8,No,39.62,2073600.0,154990.0
Core i7,5.1,1 TB,32,DEDICATED,8,No,39.62,2073600.0,234990.0
Core i7,4.7,1 TB,32,DEDICATED,8,No,39.62,2073600.0,280490.0
Core i3,4.1,256 GB,8,INTEGRATED,0,No,39.62,2073600.0,30990.0
Ryzen 7 Octa Core,4.2,512 GB,8,DEDICATED,4,No,39.62,2073600.0,87990.0
Celeron Dual Core,2.8,128 GB,4,INTEGRATED,0,Yes,29.47000000000001,1049088.0,29290.0
Core i7,5.0,1 TB,16,INTEGRATED,0,No,33.78,5184000.0,129990.0
Core i7,5.0,512 GB,16,INTEGRATED,0,No,35.56,5184000.0,117990.0
Ryzen 5 Hexa Core,4.2,512 GB,8,DEDICATED,4,No,38.0,2073600.0,66990.0
Core i7,4.7,512 GB,8,DEDICATED,4,No,39.62,2073600.0,86990.0
Core i3,4.1,256 GB,8,INTEGRATED,0,No,35.56,2073600.0,42907.0
Core i5,4.2,512 GB,8,INTEGRATED,0,No,35.56,2073600.0,57990.0
Ryzen 5 Quad Core,,512 GB,16,INTEGRATED,0,No,39.62,2073600.0,59990.0
Celeron Dual Core,2.8,256 GB,4,INTEGRATED,0,No,35.56,1049088.0,26250.0
Ryzen 7 Octa Core,4.5,1 TB,16,INTEGRATED,0,No,35.56,5184000.0,99990.0
Core i7,5.0,1 TB,16,DEDICATED,6,No,39.62,2073600.0,202490.0
Core i5,4.4,512 GB,8,DEDICATED,4,No,39.62,2073600.0,71990.0
Core i7,4.8,1 TB,32,DEDICATED,8,No,43.94,3686400.0,193499.0
Core i3,3.7,512 GB,8,INTEGRATED,0,Yes,35.56,2073600.0,54999.0
Ryzen 9 16 Core,5.4,2 TB,32,DEDICATED,12,No,40.64,4096000.0,379990.0
Ryzen 7 Octa Core,4.4,512 GB,16,DEDICATED,4,No,39.62,2073600.0,80990.0
Ryzen 7 Octa Core,4.7,512 GB,16,DEDICATED,4,No,39.62,2073600.0,105990.0
Ryzen 5 Hexa Core,4.0,512 GB,16,DEDICATED,2,No,35.56,2073600.0,64700.0
Core i9,5.0,2 TB,32,DEDICATED,16,No,43.94,3686400.0,296000.0
Ryzen 7 Octa Core,4.5,512 GB,16,INTEGRATED,0,Yes,35.56,2073600.0,88990.0
Ryzen 5 Hexa Core,4.3,512 GB,8,INTEGRATED,0,No,39.62,2073600.0,54990.0
Core i3,4.1,256 GB,8,INTEGRATED,0,No,39.62,2073600.0,42990.0
Core i7,4.8,1 TB,16,DEDICATED,4,Yes,39.62,2073600.0,135990.0
Celeron Dual Core,2.4,NO_SSD,4,INTEGRATED,0,Yes,35.56,1049088.0,25990.0
Core i5,4.4,512 GB,8,INTEGRATED,0,Yes,35.56,2073600.0,77990.0
Core i3,4.1,256 GB,8,INTEGRATED,0,No,39.62,2073600.0,34990.0
Core i3,4.1,256 GB,8,INTEGRATED,0,No,39.62,2073600.0,41990.0
Ryzen 5 Hexa Core,4.3,512 GB,8,INTEGRATED,0,No,39.62,2073600.0,53490.0
Ryzen 7 Octa Core,4.7,1 TB,16,DEDICATED,8,No,39.62,2073600.0,146990.0
Core i5,4.5,512 GB,8,DEDICATED,4,No,39.62,2073600.0,59990.0
Core i5,4.4,512 GB,16,DEDICATED,4,No,39.62,2073600.0,73990.0
Ryzen 3 Dual Core,3.5,NO_SSD,8,INTEGRATED,0,No,39.62,2073600.0,38990.0
Core i5,4.4,512 GB,16,INTEGRATED,0,No,35.56,2073600.0,91958.0
Core i7,4.7,1 TB,16,DEDICATED,4,No,39.62,2073600.0,99990.0
Core i5,3.5,128 GB,8,DEDICATED,4,No,39.62,2073600.0,99990.0
Core i7,5.0,1 TB,16,INTEGRATED,0,No,34.04,2304000.0,144990.0
Ryzen 9 Octa Core,4.9,1 TB,16,DEDICATED,6,No,39.62,3686400.0,161990.0
Core i5,4.4,512 GB,8,INTEGRATED,0,No,39.62,2073600.0,56478.0
M2,,512 GB,8,INTEGRATED,0,No,34.54,4259840.0,137990.0
M1 Max,,1 TB,32,INTEGRATED,0,No,41.15,7720704.0,309490.0
Core i7,4.7,1 TB,16,DEDICATED,4,No,40.64,2073600.0,162373.0
Core i5,4.5,512 GB,8,DEDICATED,4,No,39.62,2073600.0,79990.0
Ryzen 5 Hexa Core,4.2,512 GB,16,INTEGRATED,0,Yes,35.56,5184000.0,91990.0
Core i3,4.5,512 GB,8,INTEGRATED,0,No,35.56,2073600.0,45990.0
Core i3,4.1,256 GB,8,INTEGRATED,0,No,39.62,2073600.0,37990.0
Ryzen 5 Quad Core,4.2,512 GB,8,INTEGRATED,0,No,35.56,2073600.0,43990.0
Core i3,3.4,512 GB,8,INTEGRATED,0,No,39.62,2073600.0,35990.0
Core i7,4.7,512 GB,16,DEDICATED,2,Yes,40.64,8294400.0,157375.0
Ryzen 5 Hexa Core,4.3,512 GB,16,INTEGRATED,0,No,40.64,2073600.0,73990.0
Ryzen 7 Quad Core,,1 TB,16,DEDICATED,8,No,35.56,2073600.0,154990.0
Core i3,4.1,512 GB,8,INTEGRATED,0,No,39.62,2073600.0,45990.0
Ryzen 9 Octa Core,4.8,1 TB,16,DEDICATED,12,No,39.62,3686400.0,124990.0
Ryzen 7 Octa Core,4.7,1 TB,16,INTEGRATED,0,Yes,34.04,2304000.0,94990.0
Ryzen 7 Octa Core,4.5,512 GB,16,INTEGRATED,0,No,40.64,2073600.0,71590.0
Ryzen 5 Hexa Core,4.0,512 GB,8,INTEGRATED,0,No,39.62,2073600.0,50990.0
Core i7,5.0,256 GB,8,DEDICATED,4,No,39.62,2073600.0,87390.0
Ryzen 3 Dual Core,3.5,512 GB,8,INTEGRATED,0,No,38.0,2073600.0,40990.0
Ryzen 3 Dual Core,3.5,512 GB,8,INTEGRATED,0,No,38.0,2073600.0,42990.0
Ryzen 5 Hexa Core,4.0,512 GB,8,INTEGRATED,0,No,35.56,2073600.0,55990.0
Ryzen 7 Octa Core,4.7,512 GB,16,DEDICATED,4,Yes,41.15,2073600.0,122560.0
Core i5,4.2,512 GB,8,DEDICATED,2,No,39.62,2073600.0,62490.0
Ryzen 5 Hexa Core,,512 GB,16,INTEGRATED,0,No,40.64,2073600.0,62490.0
M1 Pro,,1 TB,16,INTEGRATED,0,No,36.07,5939136.0,225090.0
Core i3,4.1,512 GB,8,INTEGRATED,0,No,39.62,2073600.0,40990.0
Ryzen 7 Octa Core,4.3,512 GB,16,INTEGRATED,0,No,39.62,2073600.0,66998.0
Core i5,4.5,512 GB,16,INTEGRATED,0,No,35.56,5184000.0,69990.0
Core i7,4.7,1 TB,16,DEDICATED,4,Yes,36.83,5898240.0,159990.0
Ryzen 5 Hexa Core,4.55,512 GB,8,DEDICATED,4,No,39.62,2073600.0,74990.0
Ryzen 7 Octa Core,4.5,512 GB,16,INTEGRATED,0,No,40.64,2304000.0,70990.0
Core i3,4.1,512 GB,8,INTEGRATED,0,No,39.62,2073600.0,42490.0
Core i7,4.7,512 GB,8,DEDICATED,2,No,35.56,2073600.0,75990.0
Ryzen 5 Hexa Core,4.3,512 GB,8,INTEGRATED,0,No,35.56,2073600.0,55990.0
Ryzen 7 Octa Core,4.2,512 GB,16,DEDICATED,4,No,39.62,2073600.0,74990.0
Core i7,4.7,1 TB,16,DEDICATED,6,No,38.0,3686400.0,149990.0
Ryzen 9 Octa Core,4.9,1 TB,16,DEDICATED,8,No,39.62,3686400.0,189990.0
Ryzen 7 Octa Core,4.7,1 TB,32,DEDICATED,4,Yes,34.04,9216000.0,157900.0
Athlon Dual Core,3.2,256 GB,8,INTEGRATED,0,No,39.62,2073600.0,49852.0
Core i5,4.4,512 GB,8,DEDICATED,4,No,39.62,2073600.0,68989.0
Core i9,5.0,1 TB,16,DEDICATED,4,Yes,34.04,2304000.0,161990.0
Core i3,3.4,512 GB,4,INTEGRATED,0,No,39.62,2073600.0,39990.0
Ryzen 5 Octa Core,,512 GB,8,INTEGRATED,0,No,35.56,2073600.0,50890.0
Ryzen 7 Octa Core,4.75,512 GB,16,DEDICATED,4,No,39.62,2073600.0,89990.0
Core i7,5.0,1 TB,16,DEDICATED,4,No,40.89,2073600.0,114990.0
Core i5,,1 TB,8,DEDICATED,4,No,39.62,2073600.0,65990.0
Ryzen 7 Octa Core,4.5,512 GB,8,INTEGRATED,0,No,38.0,2073600.0,59900.0
Ryzen 7 Octa Core,4.4,1 TB,16,DEDICATED,6,No,40.89,3686400.0,107990.0
Core i5,4.4,512 GB,8,DEDICATED,4,No,39.62,2073600.0,76990.0
Core i3,4.1,256 GB,8,INTEGRATED,0,No,35.56,2073600.0,37490.0
M1 Pro,,1 TB,16,INTEGRATED,0,No,36.07,5939136.0,225090.0
Core i5,,512 GB,8,INTEGRATED,0,No,39.62,2073600.0,53490.0
Core i5,4.2,512 GB,16,DEDICATED,2,No,39.62,2073600.0,66990.0
Ryzen 5 Dual Core,,512 GB,8,DEDICATED,4,No,39.62,2073600.0,61990.0
Core i5,4.2,512 GB,8,INTEGRATED,0,No,35.56,2073600.0,55900.0
M2 Pro,,1 TB,16,INTEGRATED,0,No,35.56,5939136.0,229990.0
Core i7,4.6,1 TB,16,DEDICATED,8,No,40.89,3686400.0,166499.0
Core i5,4.6,512 GB,8,INTEGRATED,0,No,35.56,2073600.0,56990.0
Core i9,5.0,1 TB,16,DEDICATED,4,Yes,34.04,9216000.0,171990.0
Core i5,4.5,512 GB,16,DEDICATED,4,No,40.89,2073600.0,94990.0
Ryzen 7 Octa Core,,512 GB,8,INTEGRATED,0,No,39.62,2073600.0,55990.0
Core i5,4.4,512 GB,16,INTEGRATED,0,No,39.62,2073600.0,72250.0
Core i5,4.4,512 GB,16,INTEGRATED,0,Yes,39.62,2073600.0,89490.0
Core i7,5.0,1 TB,16,INTEGRATED,0,Yes,40.64,5898240.0,144490.0
Core i5,4.7,512 GB,16,DEDICATED,6,No,39.62,4665600.0,120990.0
Ryzen 7 Octa Core,4.7,1 TB,16,DEDICATED,6,No,39.62,3686400.0,135990.0
Ryzen 7 Octa Core,4.4,512 GB,16,DEDICATED,4,No,39.62,2073600.0,86390.0
Core i3,,512 GB,8,INTEGRATED,0,No,39.62,1049088.0,38999.0
Celeron Dual Core,2.8,NO_SSD,4,INTEGRATED,0,No,39.62,1049088.0,23990.0
Core i5,4.4,512 GB,8,INTEGRATED,0,No,39.62,2073600.0,54990.0
Ryzen 5 Hexa Core,4.5,512 GB,8,DEDICATED,4,No,40.89,2073600.0,78680.0
Core i5,,512 GB,8,DEDICATED,4,No,39.62,2073600.0,66990.0
Ryzen 3 Dual Core,3.5,256 GB,8,INTEGRATED,0,No,39.62,2073600.0,38990.0
Core i7,4.7,1 TB,16,DEDICATED,8,No,40.89,3686400.0,169990.0
Ryzen 7 Octa Core,4.7,512 GB,16,DEDICATED,4,No,40.89,2073600.0,85499.0
Core i9,5.3,1 TB,32,DEDICATED,6,Yes,39.62,8294400.0,269990.0
Core i7,4.7,1 TB,16,DEDICATED,4,No,40.64,4249600.0,89990.0
Core i7,5.0,1 TB,16,INTEGRATED,0,No,35.56,2304000.0,114990.0
Ryzen 3 Dual Core,,512 GB,8,INTEGRATED,0,No,39.62,2073600.0,35398.0
Core i7,5.0,2 TB,16,DEDICATED,8,No,39.62,2073600.0,150490.0
Core i5,4.2,512 GB,8,INTEGRATED,0,Yes,35.56,2073600.0,79990.0
Core i7,4.7,512 GB,16,INTEGRATED,0,No,34.29,6000000.0,129000.0
Core i5,4.4,512 GB,8,INTEGRATED,0,Yes,40.64,2073600.0,89490.0
Core i5,,512 GB,16,INTEGRATED,0,No,39.62,2073600.0,74900.0
Core i9,5.0,4 TB,32,DEDICATED,16,No,43.94,3686400.0,399990.0
Core i5,4.6,512 GB,8,INTEGRATED,0,No,35.56,2073600.0,59990.0
Core i5,4.2,256 GB,8,INTEGRATED,0,No,35.56,2073600.0,53990.0
Core i5,4.2,256 GB,8,INTEGRATED,0,No,35.56,2073600.0,45072.0
Core i3,3.4,256 GB,8,INTEGRATED,0,No,35.56,2073600.0,35990.0
Core i5,4.4,512 GB,8,INTEGRATED,0,No,39.62,2073600.0,50990.0
Ryzen 5 Hexa Core,4.2,512 GB,8,DEDICATED,4,No,39.62,2073600.0,66490.0
Core i5,4.4,512 GB,16,INTEGRATED,0,No,39.62,2073600.0,56990.0
Ryzen 5 Hexa Core,4.2,512 GB,8,DEDICATED,4,No,39.62,2073600.0,59490.0
Core i7,4.7,1 TB,16,DEDICATED,8,No,40.89,3686400.0,162990.0
M1 Pro,,1 TB,16,INTEGRATED,0,No,41.15,7720704.0,243990.0
Core i7,4.8,1 TB,16,INTEGRATED,0,Yes,35.56,9216000.0,181990.0
Ryzen 7 Octa Core,4.4,512 GB,16,DEDICATED,4,No,39.62,2073600.0,84988.0
Core i9,5.4,1 TB,16,DEDICATED,6,No,40.64,6400000.0,159990.0
Core i5,4.1,512 GB,8,INTEGRATED,0,No,33.78,4096000.0,162490.0
Core i3,4.1,256 GB,4,INTEGRATED,0,No,35.56,2073600.0,41990.0
Core i7,4.7,1 TB,16,DEDICATED,4,No,43.94,2073600.0,99990.0
Ryzen 9 Octa Core,4.9,1 TB,16,DEDICATED,4,Yes,34.04,2304000.0,131990.0
Core i7,3.8,128 GB,8,DEDICATED,4,No,39.62,2073600.0,109990.0
Core i5,4.5,256 GB,8,DEDICATED,4,No,39.62,2073600.0,69490.0
Core i5,4.5,512 GB,8,INTEGRATED,0,No,35.56,2304000.0,55990.0
Core i3,3.4,256 GB,4,INTEGRATED,0,No,35.56,2073600.0,42490.0
Core i7,4.6,512 GB,16,DEDICATED,4,No,39.62,2073600.0,129990.0
M2,,512 GB,8,INTEGRATED,0,No,34.54,4259840.0,137990.0
Core i7,3.8,256 GB,8,DEDICATED,6,No,39.62,2073600.0,137990.0
Ryzen 3 Dual Core,3.5,512 GB,8,INTEGRATED,0,No,39.62,2073600.0,39490.0
Core i3,4.1,512 GB,8,INTEGRATED,0,No,39.62,2073600.0,32990.0
Ryzen 7 Octa Core,4.7,1 TB,16,INTEGRATED,0,Yes,34.04,9216000.0,209990.0
Ryzen 3 Quad Core,4.1,512 GB,8,INTEGRATED,0,No,39.62,2073600.0,39990.0
Ryzen 3 Dual Core,3.5,256 GB,4,INTEGRATED,0,No,39.62,2073600.0,34990.0
Core i3,4.1,256 GB,4,INTEGRATED,0,No,39.62,2073600.0,35990.0
M2,,256 GB,8,INTEGRATED,0,No,34.54,4259840.0,110490.0
Core i5,4.5,512 GB,8,DEDICATED,4,No,39.62,2073600.0,62990.0
Core i5,4.2,512 GB,16,INTEGRATED,0,No,39.62,2073600.0,48990.0
Core i7,5.0,512 GB,16,DEDICATED,6,No,39.62,2073600.0,112990.0
Core i5,4.5,512 GB,8,DEDICATED,4,No,39.62,2073600.0,65990.0
Ryzen 7 Octa Core,4.3,512 GB,16,INTEGRATED,0,Yes,35.56,2073600.0,76860.0
Core i5,2.4,512 GB,16,INTEGRATED,0,No,34.04,2073600.0,110490.0
Core i5,4.7,512 GB,16,DEDICATED,4,No,35.56,2304000.0,86990.0
Core i3,3.4,512 GB,8,INTEGRATED,0,No,35.56,2073600.0,43290.0
Core i5,4.4,512 GB,8,INTEGRATED,0,No,39.62,2073600.0,57990.0
Core i5,4.6,512 GB,16,INTEGRATED,0,Yes,35.56,2304000.0,79990.0
Ryzen 5 Hexa Core,4.5,1 TB,16,INTEGRATED,0,No,35.56,5184000.0,94641.0
Ryzen 9 Octa Core,4.4,1 TB,32,DEDICATED,8,No,35.56,4096000.0,189999.0
Ryzen 7 Octa Core,,512 GB,16,DEDICATED,4,No,39.62,2073600.0,83989.0
Core i9,5.4,1 TB,16,DEDICATED,6,No,40.64,4096000.0,169990.0
Ryzen 3 Dual Core,,512 GB,8,INTEGRATED,0,No,35.56,2073600.0,40790.0
Ryzen 9 Octa Core,5.2,1 TB,16,DEDICATED,8,No,40.64,2304000.0,139990.0
Core i7,5.0,512 GB,16,DEDICATED,6,No,39.62,2073600.0,129990.0
Core i7,4.7,512 GB,8,DEDICATED,4,No,39.62,2073600.0,101000.0
Core i3,3.0,512 GB,8,INTEGRATED,0,No,35.56,2073600.0,39679.0
Core i5,,512 GB,16,DEDICATED,4,No,39.62,1958400.0,92990.0
Ryzen 5 Quad Core,,512 GB,16,INTEGRATED,0,No,39.62,2073600.0,59964.0
Ryzen 9 12 Core,5.2,1 TB,16,DEDICATED,6,No,43.94,3686400.0,159990.0
Ryzen 3 Quad Core,4.1,512 GB,8,INTEGRATED,0,No,39.62,2073600.0,40990.0
Ryzen 5 Hexa Core,4.5,512 GB,8,INTEGRATED,0,No,35.56,2073600.0,59990.0
Ryzen 7 Octa Core,4.4,512 GB,16,INTEGRATED,0,Yes,33.78,2073600.0,94500.0
Core i5,,1 TB,16,INTEGRATED,0,No,39.62,2073600.0,83500.0
Ryzen 9 Octa Core,5.2,1 TB,16,DEDICATED,6,No,39.62,2073600.0,131990.0
Ryzen 9 Octa Core,5.2,1 TB,32,DEDICATED,8,No,35.56,4096000.0,199990.0
Ryzen 9 Octa Core,5.2,1 TB,32,DEDICATED,12,No,35.56,4096000.0,266990.0
Core i5,4.6,1 TB,16,DEDICATED,6,No,40.64,2304000.0,144990.0
Core i9,5.4,1 TB,32,DEDICATED,8,No,34.04,4096000.0,284990.0
Ryzen 5 Hexa Core,4.5,512 GB,8,INTEGRATED,0,No,35.56,2073600.0,59990.0
Ryzen 9 Octa Core,5.2,1 TB,16,DEDICATED,8,No,39.62,3686400.0,151990.0
Core i5,3.6,512 GB,8,INTEGRATED,0,No,35.56,2073600.0,37990.0
Core i9,5.4,1 TB,16,DEDICATED,8,No,40.64,4096000.0,179990.0
Core i7,4.9,1 TB,16,DEDICATED,8,No,45.72,2304000.0,169990.0
Core i9,5.6,1 TB,16,DEDICATED,8,No,40.64,4096000.0,209990.0
Celeron Dual Core,2.8,NO_SSD,4,INTEGRATED,0,No,39.62,1049088.0,23990.0
Core i3,4.4,512 GB,8,INTEGRATED,0,No,35.56,2073600.0,43990.0
Ryzen 7 Octa Core,4.75,512 GB,16,DEDICATED,6,No,39.62,2073600.0,105990.0
Core i9,5.4,1 TB,16,DEDICATED,8,No,39.62,2073600.0,154990.0
Ryzen 9 12 Core,5.2,1 TB,16,DEDICATED,8,No,43.94,3686400.0,174990.0
Core i3,,256 GB,8,INTEGRATED,0,No,35.56,2073600.0,29990.0
Core i3,,256 GB,8,INTEGRATED,0,No,35.56,2073600.0,29990.0
Core i5,5.0,512 GB,8,INTEGRATED,0,No,39.62,2073600.0,61690.0
Ryzen 7 Quad Core,,1 TB,16,DEDICATED,4,No,39.62,2073600.0,86000.0
Core i7,5.0,1 TB,32,DEDICATED,4,Yes,40.64,9216000.0,183990.0
Core i5,4.4,512 GB,16,DEDICATED,4,No,39.62,2073600.0,61750.0
Core i5,3.9,512 GB,8,INTEGRATED,0,No,33.78,2073600.0,72150.0
Core i3,,256 GB,8,INTEGRATED,0,No,38.1,2073600.0,45290.0
Core i3,,512 GB,8,INTEGRATED,0,No,35.56,2073600.0,31990.0
Ryzen 5 Quad Core,,512 GB,16,INTEGRATED,0,No,35.56,2073600.0,52722.0
Ryzen 5 Hexa Core,4.2,512 GB,8,DEDICATED,4,No,39.62,2073600.0,54990.0
Core i5,4.5,512 GB,16,INTEGRATED,0,No,35.56,2304000.0,60990.0
Athlon Dual Core,3.2,512 GB,8,INTEGRATED,0,No,39.62,1049088.0,31900.0
Ryzen 5 Quad Core,,256 GB,8,INTEGRATED,0,No,39.62,2073600.0,51990.0
Ryzen 3 Quad Core,4.1,256 GB,8,INTEGRATED,0,No,35.56,2073600.0,39990.0
Ryzen 7 Octa Core,4.3,512 GB,16,INTEGRATED,0,Yes,33.78,2304000.0,84455.0
Core i5,3.6,512 GB,8,INTEGRATED,0,No,35.56,2073600.0,62990.0
Core i9,4.9,512 GB,16,DEDICATED,4,No,39.62,2073600.0,84990.0
Core i5,4.4,512 GB,16,INTEGRATED,0,No,33.78,2073600.0,82990.0
Ryzen 5 Quad Core,3.7,512 GB,8,INTEGRATED,0,No,35.56,2073600.0,46490.0
Ryzen 3 Dual Core,3.5,NO_SSD,4,INTEGRATED,0,No,39.62,1049088.0,31490.0
Core i3,,256 GB,8,INTEGRATED,0,No,35.56,1049088.0,33999.0
Core i5,3.4,256 GB,8,INTEGRATED,0,No,33.78,2073600.0,55490.0
Core i5,4.4,512 GB,16,DEDICATED,4,No,39.62,2073600.0,84990.0
Core i7,3.8,128 GB,16,DEDICATED,4,No,39.62,2073600.0,104990.0
Ryzen 7 Octa Core,4.4,512 GB,8,DEDICATED,4,No,39.62,2073600.0,74990.0
Ryzen 7 Quad Core,,1 TB,16,DEDICATED,4,No,39.62,2073600.0,85500.0
Ryzen 7 Octa Core,4.2,512 GB,8,DEDICATED,4,No,39.62,2073600.0,76990.0
Core i5,4.4,512 GB,16,INTEGRATED,0,Yes,35.56,2073600.0,84990.0
Core i9,5.0,2 TB,32,DEDICATED,16,No,43.94,3686400.0,359990.0
Ryzen 5 Quad Core,4.3,512 GB,8,INTEGRATED,0,No,39.62,2073600.0,52990.0
Core i7,4.0,512 GB,8,INTEGRATED,0,No,33.78,2073600.0,86000.0
Core i5,4.6,512 GB,16,INTEGRATED,0,No,40.64,2304000.0,64990.0
Ryzen 7 Octa Core,4.4,512 GB,16,DEDICATED,4,No,39.62,2073600.0,85990.0
Core i3,,512 GB,8,INTEGRATED,0,No,39.62,2073600.0,40990.0
Core i3,3.4,512 GB,4,DEDICATED,2,Yes,35.56,2073600.0,58990.0
Celeron Quad Core,2.8,NO_SSD,4,INTEGRATED,0,Yes,35.56,1049088.0,23990.0
Core i5,4.7,512 GB,8,INTEGRATED,0,No,43.18,4096000.0,101299.0
Core i7,4.7,512 GB,16,INTEGRATED,0,No,33.78,2073600.0,113104.0
Ryzen 9 Octa Core,4.6,1 TB,16,DEDICATED,6,No,35.56,3686400.0,109990.0
Core i5,4.2,512 GB,16,INTEGRATED,0,No,35.56,2073600.0,69990.0
Ryzen 9 Octa Core,4.6,1 TB,16,DEDICATED,4,No,35.56,3686400.0,99990.0
Ryzen 3 Dual Core,3.5,256 GB,8,INTEGRATED,0,No,39.62,2073600.0,38690.0
Core i5,4.5,512 GB,8,INTEGRATED,0,No,39.62,2073600.0,41990.0
Ryzen 5 Hexa Core,4.0,512 GB,8,INTEGRATED,0,No,35.56,2073600.0,50990.0
Core i7,4.7,512 GB,16,INTEGRATED,0,Yes,35.56,5184000.0,104990.0
Ryzen 3 Quad Core,4.1,512 GB,8,INTEGRATED,0,No,39.62,2073600.0,39157.0
Core i3,4.1,512 GB,8,INTEGRATED,0,No,35.56,1049088.0,37990.0
Core i5,4.4,1 TB,16,DEDICATED,6,No,39.62,2073600.0,86990.0
Core i5,4.4,512 GB,8,DEDICATED,4,No,39.62,2073600.0,59990.0
Core i5,4.4,512 GB,8,DEDICATED,4,No,39.62,2073600.0,75990.0
Core i7,4.7,512 GB,8,DEDICATED,6,No,39.62,2073600.0,88990.0
Core i5,4.4,512 GB,8,DEDICATED,6,No,39.62,2073600.0,78990.0
Ryzen 3 Dual Core,3.5,256 GB,8,INTEGRATED,0,No,39.62,2073600.0,39900.0
Core i7,4.7,1 TB,16,DEDICATED,6,No,39.62,2073600.0,96990.0
Core i5,4.5,512 GB,8,DEDICATED,4,No,39.62,2073600.0,62990.0
Core i5,4.4,512 GB,16,DEDICATED,6,No,39.62,2073600.0,81990.0
Ryzen 3 Quad Core,3.8,512 GB,8,INTEGRATED,0,No,39.62,2073600.0,44099.0
Ryzen 7 Octa Core,4.7,512 GB,16,DEDICATED,6,No,38.0,2073600.0,113990.0
Core i9,5.0,2 TB,32,DEDICATED,16,No,40.64,4096000.0,304990.0
Core i5,4.4,512 GB,8,INTEGRATED,0,Yes,35.56,2304000.0,71990.0
Core i7,4.7,1 TB,16,DEDICATED,8,No,39.62,3686400.0,109990.0
Core i3,,512 GB,8,INTEGRATED,0,No,39.62,1049088.0,33990.0
Core i9,5.0,1 TB,32,DEDICATED,8,No,40.64,9216000.0,249990.0
Ryzen 5 Hexa Core,4.55,512 GB,16,INTEGRATED,0,No,33.78,2304000.0,67950.0
Core i9,5.4,1 TB,16,DEDICATED,6,No,39.62,4665600.0,160000.0
MediaTek Kompanio 1200,2.6,256 GB,8,INTEGRATED,0,No,33.78,2073600.0,43990.0
Core i3,4.4,512 GB,8,INTEGRATED,0,No,39.62,2073600.0,45988.0
Core i5,4.4,512 GB,8,INTEGRATED,0,No,39.62,2073600.0,55490.0
Core i5,2.4,512 GB,16,INTEGRATED,0,Yes,33.02,2073600.0,173636.0
Core i5,,512 GB,8,DEDICATED,4,No,39.62,2073600.0,54699.0
Ryzen 7 Octa Core,4.7,512 GB,16,DEDICATED,4,No,38.0,2073600.0,92990.0
Core i7,4.7,256 GB,8,DEDICATED,2,No,39.62,2073600.0,65850.0
Core i5,3.8,512 GB,8,DEDICATED,4,No,39.62,8294400.0,92990.0
Core i7,4.7,512 GB,16,INTEGRATED,0,Yes,33.78,5184000.0,104990.0
Core i5,4.2,256 GB,8,INTEGRATED,0,No,35.56,2073600.0,55990.0
Core i7,4.6,256 GB,8,INTEGRATED,0,No,35.56,2073600.0,93990.0
Ryzen 7 Octa Core,4.7,1 TB,16,DEDICATED,6,No,39.62,3686400.0,135990.0
Core i5,4.4,512 GB,16,DEDICATED,4,No,39.62,2073600.0,69500.0
Core i3,4.1,256 GB,4,INTEGRATED,0,No,38.1,2073600.0,34990.0
Ryzen 9 Octa Core,4.9,2 TB,32,DEDICATED,16,No,40.64,4096000.0,391990.0
Core i7,4.7,512 GB,16,DEDICATED,2,No,40.64,2073600.0,94291.0
Core i3,4.1,256 GB,8,INTEGRATED,0,No,39.62,2073600.0,43150.0
Core i3,3.4,256 GB,8,INTEGRATED,0,No,29.47000000000001,2073600.0,44190.0
Athlon Dual Core,,256 GB,4,INTEGRATED,0,No,35.56,,18999.0
Core i5,3.5,128 GB,8,DEDICATED,4,No,39.62,2073600.0,87490.0
Core i5,4.6,512 GB,16,INTEGRATED,0,No,35.56,2073600.0,63990.0
Ryzen 7 Octa Core,4.7,1 TB,16,DEDICATED,6,No,39.62,3686400.0,135990.0
Ryzen 9 Octa Core,,512 GB,16,DEDICATED,6,No,42.16,2073600.0,99990.0
Core i5,4.5,512 GB,8,DEDICATED,4,No,43.94,2073600.0,71990.0
Ryzen 7 Octa Core,,512 GB,16,INTEGRATED,0,No,39.62,2073600.0,74000.0
Core i3,4.1,256 GB,8,INTEGRATED,0,No,39.62,2073600.0,35990.0
Core i7,4.7,1 TB,16,DEDICATED,6,No,40.64,9216000.0,179990.0
Core i7,4.7,512 GB,16,INTEGRATED,0,Yes,35.56,5184000.0,109990.0
Core i3,4.5,512 GB,8,INTEGRATED,0,No,39.62,2073600.0,48990.0
Ryzen 7 Octa Core,4.7,512 GB,16,DEDICATED,4,No,39.62,2073600.0,87990.0
Ryzen 9 Octa Core,4.8,1 TB,32,DEDICATED,4,Yes,34.04,9216000.0,199990.0
Core i5,4.5,512 GB,16,INTEGRATED,0,Yes,34.04,2304000.0,89990.0
Ryzen 7 Octa Core,4.7,512 GB,16,DEDICATED,6,No,39.62,2073600.0,109490.0
Core i5,3.4,512 GB,8,INTEGRATED,0,No,33.78,2073600.0,74990.0
Core i7,4.7,1 TB,16,DEDICATED,4,No,40.64,4096000.0,152990.0
Ryzen 7 Octa Core,4.4,1 TB,16,DEDICATED,6,No,40.64,4096000.0,161990.0
Ryzen 7 Quad Core,2.3,512 GB,16,INTEGRATED,0,No,39.62,2073600.0,69000.0
Ryzen 5 Hexa Core,4.3,512 GB,16,INTEGRATED,0,No,35.56,2073600.0,62990.0
Ryzen 5 Hexa Core,4.3,512 GB,16,INTEGRATED,0,No,35.56,2073600.0,57890.0
Core i7,4.8,1 TB,16,DEDICATED,4,No,39.62,2073600.0,194304.0
Core i5,4.4,512 GB,8,INTEGRATED,0,No,39.62,2073600.0,48990.0
Core i7,4.7,1 TB,32,DEDICATED,6,No,35.56,2073600.0,246490.0
Ryzen 9 Octa Core,4.8,1 TB,32,DEDICATED,4,Yes,34.04,2304000.0,189990.0
Core i5,4.5,512 GB,8,DEDICATED,2,Yes,35.56,2073600.0,70499.0
Celeron Dual Core,2.8,256 GB,4,INTEGRATED,0,No,35.56,1049088.0,41999.0
Ryzen 5 Hexa Core,4.0,512 GB,16,INTEGRATED,0,Yes,35.56,2304000.0,92290.0
Core i7,4.7,1 TB,16,INTEGRATED,0,Yes,35.56,4096000.0,129990.0
Ryzen 7 Octa Core,4.7,1 TB,32,DEDICATED,4,Yes,34.04,9216000.0,264990.0
Ryzen 7 Quad Core,,512 GB,16,INTEGRATED,0,No,39.62,2073600.0,67410.0
Core i7,4.5,1 TB,16,DEDICATED,4,No,39.62,2073600.0,165490.0
Core i7,4.1,512 GB,16,DEDICATED,6,No,39.62,2073600.0,174490.0
Core i5,4.5,512 GB,8,DEDICATED,2,No,39.62,2073600.0,67500.0
Core i7,,512 GB,16,INTEGRATED,0,No,35.56,5184000.0,104990.0
Core i7,4.7,1 TB,32,DEDICATED,8,No,40.64,9216000.0,199990.0
Core i5,3.9,256 GB,8,INTEGRATED,0,Yes,33.78,2073600.0,136590.0
Core i5,4.4,512 GB,16,DEDICATED,4,No,39.62,2073600.0,74990.0
Core i5,4.4,512 GB,8,INTEGRATED,0,Yes,35.56,2073600.0,78000.0
Core i3,4.1,512 GB,8,INTEGRATED,0,No,39.62,2073600.0,39888.0
Core i5,4.5,512 GB,8,DEDICATED,4,No,39.62,2073600.0,74990.0
Core i7,4.7,1 TB,32,DEDICATED,4,No,39.62,2073600.0,180093.0
Core i7,4.7,1 TB,16,DEDICATED,6,No,39.62,2073600.0,246490.0
Core i7,,512 GB,16,INTEGRATED,0,No,35.56,2073600.0,48990.0
Ryzen 3 Quad Core,4.1,512 GB,8,INTEGRATED,0,No,39.62,2073600.0,41490.0
Ryzen 7 Octa Core,4.4,512 GB,16,DEDICATED,4,No,39.62,2073600.0,72990.0
Ryzen 7 Quad Core,4.0,512 GB,8,INTEGRATED,0,No,39.62,2073600.0,52990.0
Core i5,,512 GB,16,INTEGRATED,0,No,39.62,2073600.0,55955.0
Core i7,,512 GB,16,INTEGRATED,0,No,39.62,2073600.0,86900.0
Core i5,4.4,512 GB,8,INTEGRATED,0,No,33.78,2304000.0,106990.0
Core i5,3.4,512 GB,8,INTEGRATED,0,No,35.56,2073600.0,64990.0
Core i7,4.4,512 GB,8,INTEGRATED,0,No,35.56,2073600.0,78990.0
Core i5,3.6,512 GB,8,INTEGRATED,0,No,35.56,2073600.0,37990.0
Ryzen 7 Octa Core,4.5,512 GB,16,INTEGRATED,0,No,35.56,2073600.0,61991.0
Ryzen 5 Hexa Core,4.2,512 GB,8,DEDICATED,4,No,39.62,2073600.0,60990.0
Core i5,4.4,512 GB,8,INTEGRATED,0,No,40.64,2073600.0,69490.0
Ryzen 5 Quad Core,3.7,128 GB,8,INTEGRATED,0,Yes,38.1,4153344.0,99990.0
Core i7,4.4,512 GB,16,INTEGRATED,0,No,35.56,2073600.0,78990.0
Core i7,4.1,512 GB,16,DEDICATED,6,No,39.62,2073600.0,149990.0
Core i7,4.7,512 GB,16,DEDICATED,4,No,35.56,2073600.0,149845.0
Core i5,4.5,512 GB,8,DEDICATED,4,No,39.62,2073600.0,70490.0
Core i3,4.4,512 GB,16,INTEGRATED,0,No,35.56,2073600.0,58990.0
Ryzen 7 Octa Core,4.3,512 GB,16,INTEGRATED,0,No,35.56,2073600.0,89976.0
Ryzen 7 Octa Core,4.4,512 GB,16,DEDICATED,6,No,39.62,2073600.0,104990.0
Core i5,4.5,512 GB,16,DEDICATED,4,No,39.62,2073600.0,74990.0
Core i7,4.7,512 GB,16,INTEGRATED,0,No,35.56,5184000.0,109990.0
Core i5,4.4,512 GB,8,DEDICATED,4,No,39.62,2073600.0,65990.0
Core i5,4.4,512 GB,8,INTEGRATED,0,No,39.62,2073600.0,52990.0
Ryzen 7 Octa Core,4.4,512 GB,16,DEDICATED,6,No,39.62,2073600.0,97990.0
Core i5,,512 GB,8,INTEGRATED,0,No,40.64,2073600.0,78990.0
Ryzen 7 Octa Core,,512 GB,16,INTEGRATED,0,No,35.56,2073600.0,52700.0
Ryzen 5 Quad Core,4.0,512 GB,8,INTEGRATED,0,No,39.62,2073600.0,49990.0
Core i7,4.6,1 TB,16,DEDICATED,4,No,40.89,2073600.0,113990.0
Core i5,4.4,512 GB,8,DEDICATED,4,No,39.62,2073600.0,59990.0
Core i7,5.0,512 GB,8,INTEGRATED,0,No,39.62,2073600.0,68990.0
Core i3,,512 GB,8,INTEGRATED,0,No,39.62,2073600.0,46245.0
Core i5,,512 GB,8,INTEGRATED,0,No,35.56,2073600.0,52999.0
Core i3,3.5,512 GB,8,INTEGRATED,0,No,35.56,1049088.0,38700.0
Ryzen 7 Octa Core,4.7,1 TB,16,INTEGRATED,0,No,40.64,9216000.0,138999.0
Celeron Dual Core,2.8,NO_SSD,4,INTEGRATED,0,No,35.56,1049088.0,20990.0
Ryzen 7 Octa Core,4.4,512 GB,16,DEDICATED,4,No,39.62,2073600.0,74990.0
Core i7,5.1,1 TB,32,DEDICATED,8,No,39.62,8294400.0,214990.0
Ryzen 5 Hexa Core,4.55,512 GB,16,DEDICATED,4,No,39.62,2073600.0,79990.0
Ryzen 7 Octa Core,4.3,512 GB,16,INTEGRATED,0,No,39.62,2073600.0,59990.0
Core i5,4.2,512 GB,8,INTEGRATED,0,No,35.56,2073600.0,61499.0
Ryzen 3 Dual Core,3.5,256 GB,8,INTEGRATED,0,No,39.62,1049088.0,34700.0
Core i5,4.4,512 GB,16,INTEGRATED,0,No,39.62,2073600.0,56990.0
Core i5,4.2,512 GB,16,INTEGRATED,0,No,33.78,2073600.0,108990.0
Ryzen 5 Hexa Core,4.0,256 GB,8,INTEGRATED,0,No,39.62,2073600.0,75100.0
Core i5,4.4,512 GB,8,DEDICATED,4,No,39.62,2073600.0,60990.0
Core i3,4.1,512 GB,4,INTEGRATED,0,No,39.62,2073600.0,45990.0
Ryzen 5 Hexa Core,,512 GB,16,INTEGRATED,0,Yes,35.56,2304000.0,64990.0
Core i5,3.9,512 GB,8,INTEGRATED,0,No,35.56,2073600.0,78990.0
Ryzen 7 Octa Core,4.4,512 GB,16,INTEGRATED,0,No,39.62,2073600.0,61990.0
Core i3,4.4,512 GB,8,INTEGRATED,0,No,35.56,2073600.0,60070.0
Ryzen 5 Quad Core,,512 GB,16,INTEGRATED,0,No,35.56,2073600.0,69990.0
Ryzen 7 Octa Core,4.7,1 TB,16,DEDICATED,6,No,40.64,4096000.0,161990.0
Ryzen 5 Hexa Core,4.5,512 GB,16,INTEGRATED,0,Yes,33.78,5184000.0,93990.0
Core i5,3.7,128 GB,8,INTEGRATED,0,Yes,33.02,3393024.0,94490.0
Ryzen 7 Octa Core,4.7,512 GB,16,DEDICATED,4,No,40.89,2073600.0,96390.0
Core i5,4.4,512 GB,16,DEDICATED,4,No,39.62,2073600.0,70990.0
Core i3,4.1,512 GB,8,INTEGRATED,0,No,39.62,2073600.0,36990.0
Core i5,2.4,512 GB,8,INTEGRATED,0,Yes,33.78,2073600.0,79990.0
Core i3,3.4,256 GB,8,INTEGRATED,0,No,39.62,2073600.0,43590.0
Ryzen 5 Hexa Core,4.2,512 GB,8,INTEGRATED,0,Yes,33.78,2073600.0,82500.0
Ryzen 5 Hexa Core,4.2,512 GB,16,DEDICATED,4,No,39.62,2073600.0,62490.0
Core i7,4.7,512 GB,16,INTEGRATED,0,No,38.1,2073600.0,130000.0
Core i3,4.4,512 GB,8,INTEGRATED,0,No,35.56,2073600.0,45990.0
Core i3,4.1,512 GB,8,INTEGRATED,0,No,39.62,2073600.0,42555.0
Ryzen 7 Octa Core,4.7,1 TB,16,DEDICATED,6,No,39.62,3686400.0,124990.0
MediaTek Kompanio 500,2.0,NO_SSD,4,INTEGRATED,0,Yes,29.47000000000001,1049088.0,19990.0
Core i5,4.2,256 GB,16,INTEGRATED,0,No,39.62,2073600.0,59990.0
Core i5,4.4,512 GB,16,DEDICATED,4,No,39.62,2073600.0,83990.0
Ryzen 3 Quad Core,4.1,512 GB,8,INTEGRATED,0,No,35.56,2073600.0,43490.0
Ryzen 3 Hexa Core,3.8,512 GB,8,INTEGRATED,0,No,39.62,2073600.0,36999.0
Dual Core,2.6,NO_SSD,4,INTEGRATED,0,No,35.56,1049088.0,26200.0
Ryzen 9 Octa Core,4.9,1 TB,16,INTEGRATED,6,No,39.62,3686400.0,161990.0
Core i7,,512 GB,16,DEDICATED,2,Yes,35.56,2304000.0,109790.0
Ryzen 9 Octa Core,4.9,1 TB,32,DEDICATED,4,Yes,34.04,2304000.0,151990.0
Ryzen 5 Quad Core,3.5,256 GB,8,INTEGRATED,0,No,35.56,2073600.0,45420.0
Ryzen 7 Octa Core,4.7,1 TB,16,DEDICATED,4,Yes,40.64,4096000.0,151990.0
Core i7,,1 TB,16,DEDICATED,4,No,39.62,2073600.0,99998.0
Core i5,4.2,512 GB,16,INTEGRATED,0,Yes,35.56,2073600.0,92990.0
Core i5,4.1,512 GB,8,DEDICATED,4,No,39.62,2073600.0,63990.0
Core i7,4.5,512 GB,16,INTEGRATED,0,Yes,33.78,2073600.0,239759.0
Core i7,4.7,1 TB,16,DEDICATED,6,No,40.64,4096000.0,167990.0
Core i5,4.4,512 GB,8,DEDICATED,4,No,39.62,2073600.0,58600.0
Ryzen 7 Octa Core,4.4,1 TB,16,DEDICATED,6,No,40.64,4096000.0,125990.0
Ryzen 3 Dual Core,2.6,512 GB,8,INTEGRATED,0,No,35.56,1049088.0,30900.0
Core i7,4.6,512 GB,16,DEDICATED,4,No,39.62,2073600.0,102490.0
Core i5,4.6,512 GB,8,INTEGRATED,0,No,35.56,2073600.0,59990.0
Core i3,3.7,256 GB,8,INTEGRATED,0,Yes,35.56,1049088.0,52990.0
Core i5,,512 GB,8,INTEGRATED,0,No,39.62,2073600.0,60224.0
Core i5,4.4,512 GB,16,DEDICATED,2,No,39.62,2073600.0,78290.0
Ryzen 7 Octa Core,4.4,512 GB,16,DEDICATED,4,No,39.62,2073600.0,86070.0
Core i5,4.2,512 GB,8,DEDICATED,2,Yes,33.78,2073600.0,81990.0
Core i7,4.6,1 TB,16,DEDICATED,6,No,39.62,3686400.0,124990.0
Core i3,3.0,256 GB,8,INTEGRATED,0,No,35.56,2073600.0,36990.0
Ryzen 5 Hexa Core,4.5,512 GB,16,INTEGRATED,0,No,35.56,5184000.0,84990.0
Celeron Dual Core,,256 GB,4,INTEGRATED,0,No,35.56,1049088.0,24500.0
Ryzen 5 Quad Core,4.3,512 GB,8,INTEGRATED,0,No,39.62,2073600.0,42990.0
Athlon Dual Core,,1 TB,8,INTEGRATED,0,No,35.56,1049088.0,23999.0
Core i5,4.2,512 GB,8,INTEGRATED,0,No,39.62,2073600.0,52950.0
Core i5,4.5,512 GB,16,DEDICATED,4,No,39.62,2073600.0,65990.0
Core i7,4.6,512 GB,16,DEDICATED,4,No,39.62,2073600.0,96500.0
Ryzen 5 Hexa Core,4.5,512 GB,16,INTEGRATED,0,No,35.56,2073600.0,59990.0
Ryzen 7 Octa Core,4.4,512 GB,16,DEDICATED,6,No,40.89,2073600.0,95490.0
Core i5,4.2,512 GB,8,INTEGRATED,0,No,39.62,2073600.0,52490.0
Ryzen 3 Hexa Core,3.8,512 GB,8,INTEGRATED,0,No,39.62,2073600.0,39555.0
Ryzen 5 Hexa Core,4.5,512 GB,16,INTEGRATED,0,Yes,35.56,2304000.0,70990.0
Core i3,,256 GB,8,INTEGRATED,0,No,39.62,2073600.0,43490.0
Core i3,,512 GB,8,INTEGRATED,0,No,35.56,2073600.0,36600.0
Ryzen 7 Octa Core,4.4,1 TB,16,INTEGRATED,0,Yes,35.56,5184000.0,107690.0
Ryzen 5 Hexa Core,4.2,512 GB,16,INTEGRATED,0,Yes,35.56,2304000.0,61990.0
Ryzen 7 Octa Core,4.5,512 GB,16,INTEGRATED,0,No,40.64,2304000.0,70990.0
Core i3,4.1,256 GB,8,INTEGRATED,0,No,39.62,2073600.0,37550.0
Core i3,4.1,NO_SSD,8,INTEGRATED,0,No,39.62,1049088.0,36990.0
Core i3,4.1,256 GB,8,INTEGRATED,0,No,39.62,1049088.0,38200.0
Core i7,4.9,1 TB,16,INTEGRATED,0,No,35.56,2073600.0,142490.0
Core i3,4.1,512 GB,8,INTEGRATED,0,No,39.62,2073600.0,40990.0
Core i3,4.1,512 GB,8,INTEGRATED,0,No,39.62,2073600.0,40300.0
Core i5,4.2,512 GB,8,DEDICATED,2,No,35.0,2073600.0,63090.0
Core i5,4.6,512 GB,16,INTEGRATED,0,No,39.62,2073600.0,83705.0
Ryzen 5 Hexa Core,4.2,512 GB,8,DEDICATED,4,No,39.62,2073600.0,59800.0
Ryzen 5 Hexa Core,4.0,512 GB,8,INTEGRATED,0,No,39.62,2073600.0,56999.0
Core i5,4.2,512 GB,8,INTEGRATED,0,No,35.56,2073600.0,54999.0
Core i7,4.0,512 GB,16,INTEGRATED,0,No,33.78,2073600.0,114990.0
Ryzen 7 Octa Core,4.7,1 TB,16,DEDICATED,6,Yes,40.64,4096000.0,156990.0
Core i7,4.0,256 GB,8,INTEGRATED,0,No,35.56,2073600.0,67990.0
Core i7,4.0,256 GB,8,INTEGRATED,0,No,35.56,2073600.0,67990.0
Core i7,,512 GB,16,INTEGRATED,0,Yes,35.56,5184000.0,122000.0
Core i5,4.4,512 GB,16,DEDICATED,4,No,39.62,2073600.0,89990.0
Core i5,4.4,512 GB,16,INTEGRATED,0,No,35.56,2073600.0,69000.0
Core i7,4.8,512 GB,16,DEDICATED,2,No,35.56,2073600.0,244801.0
Core i5,,512 GB,16,INTEGRATED,0,Yes,35.56,5184000.0,115000.0
Pentium Quad Core,,256 GB,8,INTEGRATED,0,No,35.56,1049088.0,29990.0
Core i5,4.4,512 GB,16,INTEGRATED,0,No,40.64,2073600.0,69990.0
Core i5,4.2,512 GB,4,DEDICATED,2,No,39.62,2073600.0,54990.0
Core i5,4.6,512 GB,16,INTEGRATED,0,Yes,35.56,5184000.0,109990.0
Core i7,4.0,256 GB,8,INTEGRATED,0,No,35.56,2073600.0,67990.0
Core i5,4.4,512 GB,8,DEDICATED,2,No,39.62,2073600.0,73500.0
Core i3,,512 GB,8,INTEGRATED,0,No,39.62,2073600.0,37999.0
Core i5,4.6,512 GB,8,INTEGRATED,0,No,39.62,2073600.0,69649.0
Core i5,4.6,512 GB,16,INTEGRATED,0,No,35.56,2073600.0,71999.0
Core i7,4.7,1 TB,16,INTEGRATED,0,Yes,33.78,4096000.0,124990.0
Core i5,3.7,256 GB,8,INTEGRATED,0,No,39.62,2073600.0,71490.0
Core i7,3.9,512 GB,16,INTEGRATED,0,No,35.56,2073600.0,54990.0
Core i5,3.4,512 GB,8,INTEGRATED,0,No,35.56,2073600.0,66490.0
Core i3,4.5,512 GB,16,INTEGRATED,0,No,35.56,2073600.0,61999.0
Ryzen 5 Hexa Core,4.0,512 GB,8,DEDICATED,4,No,39.62,2073600.0,58990.0
Ryzen 5 Quad Core,4.3,512 GB,8,INTEGRATED,0,No,39.62,2073600.0,52990.0
Core i5,4.2,512 GB,8,INTEGRATED,0,No,35.56,2073600.0,109990.0
Core i3,,256 GB,8,INTEGRATED,0,No,35.56,2073600.0,29990.0
Ryzen 5 Quad Core,3.5,256 GB,8,INTEGRATED,0,No,35.56,2073600.0,41670.0
Core i5,3.9,512 GB,8,INTEGRATED,0,No,33.78,2073600.0,66990.0
Core i5,5.0,512 GB,8,INTEGRATED,0,No,39.62,2073600.0,59990.0
Core i3,,NO_SSD,4,INTEGRATED,0,No,39.62,1049088.0,39643.0
Core i3,,256 GB,8,INTEGRATED,0,No,39.62,2073600.0,45150.0
Core i7,4.0,256 GB,8,INTEGRATED,0,No,35.56,2073600.0,67990.0
Core i7,4.7,512 GB,16,INTEGRATED,0,Yes,40.64,5898240.0,144490.0
